Filename,Library,R1_index,R1_bp_to_BC,R2_index,R2_bp_to_BC
dBFA2-02M_NaCl_2N-R1-Subpool_S33_R1_001.fastq.gz,dBFA2-02M_NaCl_2N-R1-Subpool,GTTCACTT,44,,
dBFA2-21C_2N-R1-Subpool_S32_R1_001.fastq.gz,dBFA2-21C_2N-R1-Subpool,TCTGGACG,43,,
dBFA2-FLC4_2N-R1-Subpool_S34_R1_001.fastq.gz,dBFA2-FLC4_2N-R1-Subpool,CAGAGGCT,35,,
dBFA2_h1_Ancestor_YPD_2N_R1_1_R1.fastq.gz,Ancestor_YPD_2N_R1_1,GCCAATTT,63,GCGTACGC,49.0
dBFA2_h1_Ancestor_YPD_2N_R1_2_R1.fastq.gz,Ancestor_YPD_2N_R1_2,ATCACGTT,63,ATACTGCG,49.0
dBFA2_h1_dBFA2-37C-R1-Time16_R1.fastq.gz,dBFA2-37C-R1-Time16,CAACAGAT,66,TATGTACG,49.0
dBFA2_h1_dBFA2-37C-R1-Time24_R1.fastq.gz,dBFA2-37C-R1-Time24,TACGCAGA,73,CGCATCGA,44.0
dBFA2_h1_dBFA2-37C-R1-Time32_R1.fastq.gz,dBFA2-37C-R1-Time32,GCGTTAAT,60,TCAGCTCG,45.0
dBFA2_h1_dBFA2-37C-R1-Time40_R1.fastq.gz,dBFA2-37C-R1-Time40,GTAGCGAT,67,GAGACGTC,48.0
dBFA2_h1_dBFA2-37C-R1-Time8_R1.fastq.gz,dBFA2-37C-R1-Time8,ATGCATCG,71,TCAGCTCG,45.0
dBFA2_h1_dBFA2-37C-R2-Time16_R1.fastq.gz,dBFA2-37C-R2-Time16,CGCTGTGA,68,TATGTACG,49.0
dBFA2_h1_dBFA2-37C-R2-Time24_R1.fastq.gz,dBFA2-37C-R2-Time24,TAACGCTT,63,TCAGCTCG,45.0
dBFA2_h1_dBFA2-37C-R2-Time32_R1.fastq.gz,dBFA2-37C-R2-Time32,ACGTACCG,69,GAGACGTC,48.0
dBFA2_h1_dBFA2-37C-R2-Time40_R1.fastq.gz,dBFA2-37C-R2-Time40,GCTAGCCT,64,CGCATCGA,44.0
dBFA2_h1_dBFA2-37C-R2-Time8_R1.fastq.gz,dBFA2-37C-R2-Time8,TCTACTTA,62,CGCATCGA,44.0
dBFA2_h1_dBFA2-37C-R3-Time16_R1.fastq.gz,dBFA2-37C-R3-Time16,CTGGCTAC,65,TCAGCTCG,45.0
dBFA2_h1_dBFA2-37C-R3-Time24_R1.fastq.gz,dBFA2-37C-R3-Time24,ATGCATCG,71,GAGACGTC,48.0
dBFA2_h1_dBFA2-37C-R3-Time32_R1.fastq.gz,dBFA2-37C-R3-Time32,CAACAGAT,66,CGCATCGA,44.0
dBFA2_h1_dBFA2-37C-R3-Time40_R1.fastq.gz,dBFA2-37C-R3-Time40,TACGCAGA,73,TATGTACG,49.0
dBFA2_h1_dBFA2-37C-R3-Time8_R1.fastq.gz,dBFA2-37C-R3-Time8,TGCCTGCC,70,TATGTACG,49.0
dBFA2_h1_dBFA2-pH3_8-R1-Time16_R1.fastq.gz,dBFA2-pH3_8-R1-Time16,GTAGCGAT,67,CGCATCGA,44.0
dBFA2_h1_dBFA2-pH3_8-R1-Time24_R1.fastq.gz,dBFA2-pH3_8-R1-Time24,TCTACTTA,62,GAGACGTC,48.0
dBFA2_h1_dBFA2-pH3_8-R1-Time40_R1.fastq.gz,dBFA2-pH3_8-R1-Time40,TAACGCTT,63,TATGTACG,49.0
dBFA2_h1_dBFA2-pH3_8-R1-Time8_R1.fastq.gz,dBFA2-pH3_8-R1-Time8,GCGTTAAT,60,TATGTACG,49.0
dBFA2_h1_dBFA2-pH3_8-R2-Time16_R1.fastq.gz,dBFA2-pH3_8-R2-Time16,TGCCTGCC,70,TCAGCTCG,45.0
dBFA2_h1_dBFA2-pH3_8-R2-Time24_R1.fastq.gz,dBFA2-pH3_8-R2-Time24,GCTAGCCT,64,GAGACGTC,48.0
dBFA2_h1_dBFA2-pH3_8-R2-Time8_R1.fastq.gz,dBFA2-pH3_8-R2-Time8,ACGTACCG,69,CGCATCGA,44.0
dBFA2_h1_dBFA2-pH3_8-R3-Time16_R1.fastq.gz,dBFA2-pH3_8-R3-Time16,TACGCAGA,73,TCAGCTCG,45.0
dBFA2_h1_dBFA2-pH3_8-R3-Time24_R1.fastq.gz,dBFA2-pH3_8-R3-Time24,GCGTTAAT,60,AGCAGATC,46.0
dBFA2_h1_dBFA2-pH3_8-R3-Time32_R1.fastq.gz,dBFA2-pH3_8-R3-Time32,GTAGCGAT,67,ACTGTGTT,47.0
dBFA2_h1_dBFA2-pH3_8-R3-Time40_R1.fastq.gz,dBFA2-pH3_8-R3-Time40,TCTACTTA,62,GAATCGAA,43.0
dBFA2_h1_dBFA2-pH3_8-R3-Time8_R1.fastq.gz,dBFA2-pH3_8-R3-Time8,CAACAGAT,66,GAGACGTC,48.0
dBFA2_h1_dBFA2-pH7_3-R1-Time16_R1.fastq.gz,dBFA2-pH7_3-R1-Time16,TAACGCTT,63,AGCAGATC,46.0
dBFA2_h1_dBFA2-pH7_3-R1-Time24_R1.fastq.gz,dBFA2-pH7_3-R1-Time24,ACGTACCG,69,ACTGTGTT,47.0
dBFA2_h1_dBFA2-pH7_3-R1-Time32_R1.fastq.gz,dBFA2-pH7_3-R1-Time32,GCTAGCCT,64,GAATCGAA,43.0
dBFA2_h1_dBFA2-pH7_3-R1-Time40_R1.fastq.gz,dBFA2-pH7_3-R1-Time40,TGCCTGCC,70,CGCTGTAT,51.0
dBFA2_h1_dBFA2-pH7_3-R1-Time8_R1.fastq.gz,dBFA2-pH7_3-R1-Time8,CGCTGTGA,68,CGCTGTAT,51.0
dBFA2_h1_dBFA2-pH7_3-R2-Time16_R1.fastq.gz,dBFA2-pH7_3-R2-Time16,ATGCATCG,71,ACTGTGTT,47.0
dBFA2_h1_dBFA2-pH7_3-R2-Time24_R1.fastq.gz,dBFA2-pH7_3-R2-Time24,CAACAGAT,66,GAATCGAA,43.0
dBFA2_h1_dBFA2-pH7_3-R2-Time32_R1.fastq.gz,dBFA2-pH7_3-R2-Time32,TACGCAGA,73,CGCTGTAT,51.0
dBFA2_h1_dBFA2-pH7_3-R2-Time40_R1.fastq.gz,dBFA2-pH7_3-R2-Time40,GCGTTAAT,60,CGCTGTAT,51.0
dBFA2_h1_dBFA2-pH7_3-R2-Time8_R1.fastq.gz,dBFA2-pH7_3-R2-Time8,CTGGCTAC,65,AGCAGATC,46.0
dBFA2_h1_dBFA2-pH7_3-R3-Time16_R1.fastq.gz,dBFA2-pH7_3-R3-Time16,TCTACTTA,62,ACTGTGTT,47.0
dBFA2_h1_dBFA2-pH7_3-R3-Time24_R1.fastq.gz,dBFA2-pH7_3-R3-Time24,CGCTGTGA,68,AGCAGATC,46.0
dBFA2_h1_dBFA2-pH7_3-R3-Time32_R1.fastq.gz,dBFA2-pH7_3-R3-Time32,TAACGCTT,63,CGCTGTAT,51.0
dBFA2_h1_dBFA2-pH7_3-R3-Time40_R1.fastq.gz,dBFA2-pH7_3-R3-Time40,ACGTACCG,69,GAATCGAA,43.0
dBFA2_h1_dBFA2-pH7_3-R3-Time8_R1.fastq.gz,dBFA2-pH7_3-R3-Time8,GTAGCGAT,67,GAATCGAA,43.0
dBFA2_h1_dBFA2-SC-R1-Time24_R1.fastq.gz,dBFA2-SC-R1-Time24,ACGTACCG,69,AGCAGATC,46.0
dBFA2_h1_dBFA2-SC-R1-Time32_R1.fastq.gz,dBFA2-SC-R1-Time32,GCTAGCCT,64,CGCTGTAT,51.0
dBFA2_h1_dBFA2-SC-R1-Time40_R1.fastq.gz,dBFA2-SC-R1-Time40,TGCCTGCC,70,GAATCGAA,43.0
dBFA2_h1_dBFA2-SC-R1-Time8_R1.fastq.gz,dBFA2-SC-R1-Time8,CGCTGTGA,68,GAATCGAA,43.0
dBFA2_h1_dBFA2-SC-R2-Time16_R1.fastq.gz,dBFA2-SC-R2-Time16,ATGCATCG,71,AGCAGATC,46.0
dBFA2_h1_dBFA2-SC-R2-Time24_R1.fastq.gz,dBFA2-SC-R2-Time24,CAACAGAT,66,CGCTGTAT,51.0
dBFA2_h1_dBFA2-SC-R2-Time32_R1.fastq.gz,dBFA2-SC-R2-Time32,TACGCAGA,73,GAATCGAA,43.0
dBFA2_h1_dBFA2-SC-R2-Time40_R1.fastq.gz,dBFA2-SC-R2-Time40,GCGTTAAT,60,CGCATCGA,44.0
dBFA2_h1_dBFA2-SC-R2-Time8_R1.fastq.gz,dBFA2-SC-R2-Time8,CTGGCTAC,65,ACTGTGTT,47.0
dBFA2_h1_dBFA2-SC-R3-Time16_R1.fastq.gz,dBFA2-SC-R3-Time16,TCTACTTA,62,TCAGCTCG,45.0
dBFA2_h1_dBFA2-SC-R3-Time24_R1.fastq.gz,dBFA2-SC-R3-Time24,CGCTGTGA,68,GAGACGTC,48.0
dBFA2_h1_dBFA2-SC-R3-Time32_R1.fastq.gz,dBFA2-SC-R3-Time32,TAACGCTT,63,CGCATCGA,44.0
dBFA2_h1_dBFA2-SC-R3-Time40_R1.fastq.gz,dBFA2-SC-R3-Time40,ACGTACCG,69,TATGTACG,49.0
dBFA2_h1_dBFA2-SC-R3-Time8_R1.fastq.gz,dBFA2-SC-R3-Time8,GTAGCGAT,67,TATGTACG,49.0
dBFA2_h1_dBFA2-T0_Pool-NA-Time0_R1.fastq.gz,dBFA2-T0_Pool-NA-Time0,TACGCAGA,73,AGCAGATC,46.0
dBFA2_h1_dBFA2-YPD-R1-Time16_R1.fastq.gz,dBFA2-YPD-R1-Time16,GTAGCGAT,67,CGCTGTAT,51.0
dBFA2_h1_dBFA2-YPD-R1-Time24_R1.fastq.gz,dBFA2-YPD-R1-Time24,TCTACTTA,62,AGCAGATC,46.0
dBFA2_h1_dBFA2-YPD-R1-Time32_R1.fastq.gz,dBFA2-YPD-R1-Time32,CGCTGTGA,68,ACTGTGTT,47.0
dBFA2_h1_dBFA2-YPD-R1-Time8_R1.fastq.gz,dBFA2-YPD-R1-Time8,GCGTTAAT,60,GAATCGAA,43.0
dBFA2_h1_dBFA2-YPD-R2-Time16_R1.fastq.gz,dBFA2-YPD-R2-Time16,GCTAGCCT,64,AGCAGATC,46.0
dBFA2_h1_dBFA2-YPD-R2-Time24_R1.fastq.gz,dBFA2-YPD-R2-Time24,TGCCTGCC,70,ACTGTGTT,47.0
dBFA2_h1_dBFA2-YPD-R2-Time32_R1.fastq.gz,dBFA2-YPD-R2-Time32,CTGGCTAC,65,GAATCGAA,43.0
dBFA2_h1_dBFA2-YPD-R2-Time40_R1.fastq.gz,dBFA2-YPD-R2-Time40,ATGCATCG,71,CGCTGTAT,51.0
dBFA2_h1_dBFA2-YPD-R2-Time8_R1.fastq.gz,dBFA2-YPD-R2-Time8,ACGTACCG,69,CGCTGTAT,51.0
dBFA2_h1_dBFA2-YPD-R3-Time16_R1.fastq.gz,dBFA2-YPD-R3-Time16,TACGCAGA,73,ACTGTGTT,47.0
dBFA2_h1_dBFA2-YPD-R3-Time24_R1.fastq.gz,dBFA2-YPD-R3-Time24,GCGTTAAT,60,ACTGTGTT,47.0
dBFA2_h1_dBFA2-YPD-R3-Time32_R1.fastq.gz,dBFA2-YPD-R3-Time32,GTAGCGAT,67,AGCAGATC,46.0
dBFA2_h1_dBFA2-YPD-R3-Time40_R1.fastq.gz,dBFA2-YPD-R3-Time40,TCTACTTA,62,CGCTGTAT,51.0
dBFA2_h1_dBFA2-YPD-R3-Time8_R1.fastq.gz,dBFA2-YPD-R3-Time8,CAACAGAT,66,AGCAGATC,46.0
dBFA2_h1_Subpool_02M_NaCl_2N_R2_R1.fastq.gz,Subpool_02M_NaCl_2N_R2,TGACCATT,63,CTGCTACT,49.0
dBFA2_h1_Subpool_21C_2N_R2_R1.fastq.gz,Subpool_21C_2N_R2,ACAGTGTT,63,TGAGCTAG,49.0
dBFA2_h1_Subpool_37C_2N_R1_R1.fastq.gz,Subpool_37C_2N_R1,GGCTACTT,63,ACTAGCAG,49.0
dBFA2_h1_Subpool_37C_2N_R2_R1.fastq.gz,Subpool_37C_2N_R2,TAGCTTTT,63,TGAGCTAG,49.0
dBFA2_h1_Subpool_48Hr_2N_R1_R1.fastq.gz,Subpool_48Hr_2N_R1,ATCACGTT,63,GCGTACGC,49.0
dBFA2_h1_Subpool_48Hr_2N_R2_R1.fastq.gz,Subpool_48Hr_2N_R2,CAGATCTT,63,ATACTGCG,49.0
dBFA2_h1_Subpool_CLM_2N_R1_R1.fastq.gz,Subpool_CLM_2N_R1,CAGATCTT,63,CTGCTACT,49.0
dBFA2_h1_Subpool_CLM_2N_R2_R1.fastq.gz,Subpool_CLM_2N_R2,GGCTACTT,63,GCGTACGC,49.0
dBFA2_h1_Subpool_FLC4_2N_R2_R1.fastq.gz,Subpool_FLC4_2N_R2,ATCACGTT,63,TGAGCTAG,49.0
dBFA2_h1_Subpool_GlyEtOH_2N_R1_R1.fastq.gz,Subpool_GlyEtOH_2N_R1,TAGCTTTT,63,ATACTGCG,49.0
dBFA2_h1_Subpool_GlyEtOH_2N_R2_R1.fastq.gz,Subpool_GlyEtOH_2N_R2,CGATGTTT,63,ACTAGCAG,49.0
dBFA2_h1_Subpool_pH3_8_2N_R1_R1.fastq.gz,Subpool_pH3_8_2N_R1,CGATGTTT,63,CTGCTACT,49.0
dBFA2_h1_Subpool_pH3_8_2N_R2_R1.fastq.gz,Subpool_pH3_8_2N_R2,ACAGTGTT,63,GCGTACGC,49.0
dBFA2_h1_Subpool_pH7_3_2N_R1_R1.fastq.gz,Subpool_pH7_3_2N_R1,TGACCATT,63,ATACTGCG,49.0
dBFA2_h1_Subpool_pH7_3_2N_R2_R1.fastq.gz,Subpool_pH7_3_2N_R2,GCCAATTT,63,ACTAGCAG,49.0
dBFA2_h1_Subpool_SC_2N_R1_R1.fastq.gz,Subpool_SC_2N_R1,TGACCATT,63,TGAGCTAG,49.0
dBFA2_h1_Subpool_SC_2N_R2_R1.fastq.gz,Subpool_SC_2N_R2,GCCAATTT,63,CTGCTACT,49.0
dBFA2_h1_Subpool_YPD_2N_R1_R1.fastq.gz,Subpool_YPD_2N_R1,CGATGTTT,63,ATACTGCG,49.0
dBFA2_h1_Subpool_YPD_2N_R2_R1.fastq.gz,Subpool_YPD_2N_R2,ACAGTGTT,63,ACTAGCAG,49.0
dBFA2_s1_dBFA2-21C-R1-Time16_R1.fastq.gz,dBFA2-21C-R1-Time16,ATCACG,63,CGCTCTATC,49.0
dBFA2_s1_dBFA2-21C-R1-Time24_R1.fastq.gz,dBFA2-21C-R1-Time24,ATCACG,63,GAGACGTCT,49.0
dBFA2_s1_dBFA2-21C-R1-Time32_R1.fastq.gz,dBFA2-21C-R1-Time32,ATCACG,63,ATACTGCGT,49.0
dBFA2_s1_dBFA2-21C-R1-Time40_R1.fastq.gz,dBFA2-21C-R1-Time40,ATCACG,63,ACTAGCAGA,49.0
dBFA2_s1_dBFA2-21C-R1-Time8_R1.fastq.gz,dBFA2-21C-R1-Time8,ATCACG,63,TATATACGC,49.0
dBFA2_s1_dBFA2-21C-R2-Time16_R1.fastq.gz,dBFA2-21C-R2-Time16,ATCACG,63,CTGCTACTC,49.0
dBFA2_s1_dBFA2-21C-R2-Time24_R1.fastq.gz,dBFA2-21C-R2-Time24,ATCACG,63,GCGTACGCA,49.0
dBFA2_s1_dBFA2-21C-R2-Time32_R1.fastq.gz,dBFA2-21C-R2-Time32,CAGATC,63,TATATACGC,49.0
dBFA2_s1_dBFA2-21C-R2-Time40_R1.fastq.gz,dBFA2-21C-R2-Time40,CAGATC,63,CGCTCTATC,49.0
dBFA2_s1_dBFA2-21C-R2-Time8_R1.fastq.gz,dBFA2-21C-R2-Time8,ATCACG,63,TGAGCTAGC,49.0
dBFA2_s1_dBFA2-21C-R3-Time16_R1.fastq.gz,dBFA2-21C-R3-Time16,CAGATC,63,ATACTGCGT,49.0
dBFA2_s1_dBFA2-21C-R3-Time24_R1.fastq.gz,dBFA2-21C-R3-Time24,CAGATC,63,ACTAGCAGA,49.0
dBFA2_s1_dBFA2-21C-R3-Time32_R1.fastq.gz,dBFA2-21C-R3-Time32,CAGATC,63,TGAGCTAGC,49.0
dBFA2_s1_dBFA2-21C-R3-Time40_R1.fastq.gz,dBFA2-21C-R3-Time40,CAGATC,63,CTGCTACTC,49.0
dBFA2_s1_dBFA2-21C-R3-Time8_R1.fastq.gz,dBFA2-21C-R3-Time8,CAGATC,63,GAGACGTCT,49.0
dBFA2_s1_dBFA2-FLC4-R1-Time16_R1.fastq.gz,dBFA2-FLC4-R1-Time16,GGCTAC,63,CGCTCTATC,49.0
dBFA2_s1_dBFA2-FLC4-R1-Time24_R1.fastq.gz,dBFA2-FLC4-R1-Time24,GGCTAC,63,GAGACGTCT,49.0
dBFA2_s1_dBFA2-FLC4-R1-Time32_R1.fastq.gz,dBFA2-FLC4-R1-Time32,GGCTAC,63,ATACTGCGT,49.0
dBFA2_s1_dBFA2-FLC4-R1-Time40_R1.fastq.gz,dBFA2-FLC4-R1-Time40,GGCTAC,63,ACTAGCAGA,49.0
dBFA2_s1_dBFA2-FLC4-R1-Time8_R1.fastq.gz,dBFA2-FLC4-R1-Time8,GGCTAC,63,TATATACGC,49.0
dBFA2_s1_dBFA2-FLC4-R2-Time16_R1.fastq.gz,dBFA2-FLC4-R2-Time16,GGCTAC,63,CTGCTACTC,49.0
dBFA2_s1_dBFA2-FLC4-R2-Time24_R1.fastq.gz,dBFA2-FLC4-R2-Time24,GGCTAC,63,GCGTACGCA,49.0
dBFA2_s1_dBFA2-FLC4-R2-Time32_R1.fastq.gz,dBFA2-FLC4-R2-Time32,TAGCTT,63,TATATACGC,49.0
dBFA2_s1_dBFA2-FLC4-R2-Time40_R1.fastq.gz,dBFA2-FLC4-R2-Time40,TAGCTT,63,CGCTCTATC,49.0
dBFA2_s1_dBFA2-FLC4-R2-Time8_R1.fastq.gz,dBFA2-FLC4-R2-Time8,GGCTAC,63,TGAGCTAGC,49.0
dBFA2_s1_dBFA2-FLC4-R3-Time16_R1.fastq.gz,dBFA2-FLC4-R3-Time16,TAGCTT,63,ATACTGCGT,49.0
dBFA2_s1_dBFA2-FLC4-R3-Time24_R1.fastq.gz,dBFA2-FLC4-R3-Time24,TAGCTT,63,ACTAGCAGA,49.0
dBFA2_s1_dBFA2-FLC4-R3-Time32_R1.fastq.gz,dBFA2-FLC4-R3-Time32,TAGCTT,63,TGAGCTAGC,49.0
dBFA2_s1_dBFA2-FLC4-R3-Time40_R1.fastq.gz,dBFA2-FLC4-R3-Time40,TAGCTT,63,CTGCTACTC,49.0
dBFA2_s1_dBFA2-FLC4-R3-Time8_R1.fastq.gz,dBFA2-FLC4-R3-Time8,TAGCTT,63,GAGACGTCT,49.0
dBFA2_s1_dBFA2-GlyEtOH-R1-Time16_R1.fastq.gz,dBFA2-GlyEtOH-R1-Time16,GATCAG,63,CGCTCTATC,49.0
dBFA2_s1_dBFA2-GlyEtOH-R1-Time24_R1.fastq.gz,dBFA2-GlyEtOH-R1-Time24,GATCAG,63,GAGACGTCT,49.0
dBFA2_s1_dBFA2-GlyEtOH-R1-Time32_R1.fastq.gz,dBFA2-GlyEtOH-R1-Time32,GATCAG,63,ATACTGCGT,49.0
dBFA2_s1_dBFA2-GlyEtOH-R1-Time40_R1.fastq.gz,dBFA2-GlyEtOH-R1-Time40,GATCAG,63,ACTAGCAGA,49.0
dBFA2_s1_dBFA2-GlyEtOH-R1-Time8_R1.fastq.gz,dBFA2-GlyEtOH-R1-Time8,GATCAG,63,TATATACGC,49.0
dBFA2_s1_dBFA2-GlyEtOH-R2-Time16_R1.fastq.gz,dBFA2-GlyEtOH-R2-Time16,GATCAG,63,CTGCTACTC,49.0
dBFA2_s1_dBFA2-GlyEtOH-R2-Time24_R1.fastq.gz,dBFA2-GlyEtOH-R2-Time24,GATCAG,63,GCGTACGCA,49.0
dBFA2_s1_dBFA2-GlyEtOH-R2-Time32_R1.fastq.gz,dBFA2-GlyEtOH-R2-Time32,CTTGTA,63,TATATACGC,49.0
dBFA2_s1_dBFA2-GlyEtOH-R2-Time40_R1.fastq.gz,dBFA2-GlyEtOH-R2-Time40,CTTGTA,63,CGCTCTATC,49.0
dBFA2_s1_dBFA2-GlyEtOH-R2-Time8_R1.fastq.gz,dBFA2-GlyEtOH-R2-Time8,GATCAG,63,TGAGCTAGC,49.0
dBFA2_s1_dBFA2-GlyEtOH-R3-Time16_R1.fastq.gz,dBFA2-GlyEtOH-R3-Time16,CTTGTA,63,ATACTGCGT,49.0
dBFA2_s1_dBFA2-GlyEtOH-R3-Time24_R1.fastq.gz,dBFA2-GlyEtOH-R3-Time24,CTTGTA,63,ACTAGCAGA,49.0
dBFA2_s1_dBFA2-GlyEtOH-R3-Time32_R1.fastq.gz,dBFA2-GlyEtOH-R3-Time32,CTTGTA,63,TGAGCTAGC,49.0
dBFA2_s1_dBFA2-GlyEtOH-R3-Time40_R1.fastq.gz,dBFA2-GlyEtOH-R3-Time40,CTTGTA,63,CTGCTACTC,49.0
dBFA2_s1_dBFA2-GlyEtOH-R3-Time8_R1.fastq.gz,dBFA2-GlyEtOH-R3-Time8,CTTGTA,63,GAGACGTCT,49.0
dBFA2_s1_dBFA2-Pre-R0-Time0_R1.fastq.gz,dBFA2-Pre-R0-Time0,GCCAAT,63,GCGTACGCA,49.0
dBFA2_s2_dBFA2-02M_NaCl-R1-Time16_R1.fastq.gz,dBFA2-02M_NaCl-R1-Time16,CGATGT,63,CGCTCTATC,49.0
dBFA2_s2_dBFA2-02M_NaCl-R1-Time24_R1.fastq.gz,dBFA2-02M_NaCl-R1-Time24,CGATGT,63,GAGACGTCT,49.0
dBFA2_s2_dBFA2-02M_NaCl-R1-Time32_R1.fastq.gz,dBFA2-02M_NaCl-R1-Time32,CGATGT,63,ATACTGCGT,49.0
dBFA2_s2_dBFA2-02M_NaCl-R1-Time40_R1.fastq.gz,dBFA2-02M_NaCl-R1-Time40,CGATGT,63,ACTAGCAGA,49.0
dBFA2_s2_dBFA2-02M_NaCl-R1-Time8_R1.fastq.gz,dBFA2-02M_NaCl-R1-Time8,CGATGT,63,TATATACGC,49.0
dBFA2_s2_dBFA2-02M_NaCl-R2-Time16_R1.fastq.gz,dBFA2-02M_NaCl-R2-Time16,CGATGT,63,CTGCTACTC,49.0
dBFA2_s2_dBFA2-02M_NaCl-R2-Time24_R1.fastq.gz,dBFA2-02M_NaCl-R2-Time24,CGATGT,63,GCGTACGCA,49.0
dBFA2_s2_dBFA2-02M_NaCl-R2-Time32_R1.fastq.gz,dBFA2-02M_NaCl-R2-Time32,ACAGTG,63,TATATACGC,49.0
dBFA2_s2_dBFA2-02M_NaCl-R2-Time40_R1.fastq.gz,dBFA2-02M_NaCl-R2-Time40,ACAGTG,63,CGCTCTATC,49.0
dBFA2_s2_dBFA2-02M_NaCl-R2-Time8_R1.fastq.gz,dBFA2-02M_NaCl-R2-Time8,CGATGT,63,TGAGCTAGC,49.0
dBFA2_s2_dBFA2-02M_NaCl-R3-Time16_R1.fastq.gz,dBFA2-02M_NaCl-R3-Time16,ACAGTG,63,ATACTGCGT,49.0
dBFA2_s2_dBFA2-02M_NaCl-R3-Time24_R1.fastq.gz,dBFA2-02M_NaCl-R3-Time24,ACAGTG,63,ACTAGCAGA,49.0
dBFA2_s2_dBFA2-02M_NaCl-R3-Time32_R1.fastq.gz,dBFA2-02M_NaCl-R3-Time32,ACAGTG,63,TGAGCTAGC,49.0
dBFA2_s2_dBFA2-02M_NaCl-R3-Time40_R1.fastq.gz,dBFA2-02M_NaCl-R3-Time40,ACAGTG,63,CTGCTACTC,49.0
dBFA2_s2_dBFA2-02M_NaCl-R3-Time8_R1.fastq.gz,dBFA2-02M_NaCl-R3-Time8,ACAGTG,63,GAGACGTCT,49.0
dBFA2_s2_dBFA2-37C_Stan-R1-Time16_R1.fastq.gz,dBFA2-37C_Stan-R1-Time16,TGACCA,63,CGCTCTATC,49.0
dBFA2_s2_dBFA2-37C_Stan-R1-Time24_R1.fastq.gz,dBFA2-37C_Stan-R1-Time24,TGACCA,63,GAGACGTCT,49.0
dBFA2_s2_dBFA2-37C_Stan-R1-Time32_R1.fastq.gz,dBFA2-37C_Stan-R1-Time32,TGACCA,63,ATACTGCGT,49.0
dBFA2_s2_dBFA2-37C_Stan-R1-Time40_R1.fastq.gz,dBFA2-37C_Stan-R1-Time40,TGACCA,63,ACTAGCAGA,49.0
dBFA2_s2_dBFA2-37C_Stan-R1-Time8_R1.fastq.gz,dBFA2-37C_Stan-R1-Time8,TGACCA,63,TATATACGC,49.0
dBFA2_s2_dBFA2-37C_Stan-R2-Time16_R1.fastq.gz,dBFA2-37C_Stan-R2-Time16,TGACCA,63,CTGCTACTC,49.0
dBFA2_s2_dBFA2-37C_Stan-R2-Time24_R1.fastq.gz,dBFA2-37C_Stan-R2-Time24,TGACCA,63,GCGTACGCA,49.0
dBFA2_s2_dBFA2-37C_Stan-R2-Time32_R1.fastq.gz,dBFA2-37C_Stan-R2-Time32,GCCAAT,63,TATATACGC,49.0
dBFA2_s2_dBFA2-37C_Stan-R2-Time40_R1.fastq.gz,dBFA2-37C_Stan-R2-Time40,GCCAAT,63,CGCTCTATC,49.0
dBFA2_s2_dBFA2-37C_Stan-R2-Time8_R1.fastq.gz,dBFA2-37C_Stan-R2-Time8,TGACCA,63,TGAGCTAGC,49.0
dBFA2_s2_dBFA2-37C_Stan-R3-Time16_R1.fastq.gz,dBFA2-37C_Stan-R3-Time16,GCCAAT,63,ATACTGCGT,49.0
dBFA2_s2_dBFA2-37C_Stan-R3-Time24_R1.fastq.gz,dBFA2-37C_Stan-R3-Time24,GCCAAT,63,ACTAGCAGA,49.0
dBFA2_s2_dBFA2-37C_Stan-R3-Time32_R1.fastq.gz,dBFA2-37C_Stan-R3-Time32,GCCAAT,63,TGAGCTAGC,49.0
dBFA2_s2_dBFA2-37C_Stan-R3-Time40_R1.fastq.gz,dBFA2-37C_Stan-R3-Time40,GCCAAT,63,CTGCTACTC,49.0
dBFA2_s2_dBFA2-37C_Stan-R3-Time8_R1.fastq.gz,dBFA2-37C_Stan-R3-Time8,GCCAAT,63,GAGACGTCT,49.0
dBFA2_s2_dBFA2-CLM-R1-Time16_R1.fastq.gz,dBFA2-CLM-R1-Time16,TTAGGC,63,CGCTCTATC,49.0
dBFA2_s2_dBFA2-CLM-R1-Time24_R1.fastq.gz,dBFA2-CLM-R1-Time24,TTAGGC,63,GAGACGTCT,49.0
dBFA2_s2_dBFA2-CLM-R1-Time32_R1.fastq.gz,dBFA2-CLM-R1-Time32,TTAGGC,63,ATACTGCGT,49.0
dBFA2_s2_dBFA2-CLM-R1-Time40_R1.fastq.gz,dBFA2-CLM-R1-Time40,TTAGGC,63,ACTAGCAGA,49.0
dBFA2_s2_dBFA2-CLM-R1-Time8_R1.fastq.gz,dBFA2-CLM-R1-Time8,TTAGGC,63,TATATACGC,49.0
dBFA2_s2_dBFA2-CLM-R2-Time16_R1.fastq.gz,dBFA2-CLM-R2-Time16,TTAGGC,63,CTGCTACTC,49.0
dBFA2_s2_dBFA2-CLM-R2-Time24_R1.fastq.gz,dBFA2-CLM-R2-Time24,TTAGGC,63,GCGTACGCA,49.0
dBFA2_s2_dBFA2-CLM-R2-Time32_R1.fastq.gz,dBFA2-CLM-R2-Time32,ACTTGA,63,TATATACGC,49.0
dBFA2_s2_dBFA2-CLM-R2-Time40_R1.fastq.gz,dBFA2-CLM-R2-Time40,ACTTGA,63,CGCTCTATC,49.0
dBFA2_s2_dBFA2-CLM-R2-Time8_R1.fastq.gz,dBFA2-CLM-R2-Time8,TTAGGC,63,TGAGCTAGC,49.0
dBFA2_s2_dBFA2-CLM-R3-Time16_R1.fastq.gz,dBFA2-CLM-R3-Time16,ACTTGA,63,ATACTGCGT,49.0
dBFA2_s2_dBFA2-CLM-R3-Time24_R1.fastq.gz,dBFA2-CLM-R3-Time24,ACTTGA,63,ACTAGCAGA,49.0
dBFA2_s2_dBFA2-CLM-R3-Time32_R1.fastq.gz,dBFA2-CLM-R3-Time32,ACTTGA,63,TGAGCTAGC,49.0
dBFA2_s2_dBFA2-CLM-R3-Time40_R1.fastq.gz,dBFA2-CLM-R3-Time40,ACTTGA,63,CTGCTACTC,49.0
dBFA2_s2_dBFA2-CLM-R3-Time8_R1.fastq.gz,dBFA2-CLM-R3-Time8,ACTTGA,63,GAGACGTCT,49.0
dBFA2_s2_dBFA2-Pre-R14-Time0_R1.fastq.gz,dBFA2-Pre-R14-Time0,ACAGTG,63,GCGTACGCA,49.0
Harvard_dip_LT_37C_2N-R1-Time120_R1.fastq.gz,37C_2N-R1-Time120,ATGCATCG,71,CGCATCGA,44.0
Harvard_dip_LT_37C_2N-R1-Time160_R1.fastq.gz,37C_2N-R1-Time160,CTGGCTAC,65,GAATCGAA,43.0
Harvard_dip_LT_37C_2N-R1-Time200_R1.fastq.gz,37C_2N-R1-Time200,TACGCAGA,73,CGCTGTAT,51.0
Harvard_dip_LT_37C_2N-R1-Time240_R1.fastq.gz,37C_2N-R1-Time240,TCTACTTA,62,AGCAGATC,46.0
Harvard_dip_LT_37C_2N-R1-Time280_R1.fastq.gz,37C_2N-R1-Time280,ACGTACCG,69,GAATCGAA,43.0
Harvard_dip_LT_37C_2N-R1-Time320_R1.fastq.gz,37C_2N-R1-Time320,CAACAGAT,66,CGCTGTAT,51.0
Harvard_dip_LT_37C_2N-R1-Time80_R1.fastq.gz,37C_2N-R1-Time80,GCGTTAAT,60,AGCAGATC,46.0
Harvard_dip_LT_37C_2N-R1-Time8_R1.fastq.gz,37C_2N-R1-Time8,CGCTGTGA,68,GAGACGTC,48.0
Harvard_dip_LT_37C_2N-R2-Time120_R1.fastq.gz,37C_2N-R2-Time120,TGCCTGCC,70,GAATCGAA,43.0
Harvard_dip_LT_37C_2N-R2-Time160_R1.fastq.gz,37C_2N-R2-Time160,TCTACTTA,62,TATGTACG,49.0
Harvard_dip_LT_37C_2N-R2-Time200_R1.fastq.gz,37C_2N-R2-Time200,GCGTTAAT,60,TCAGCTCG,45.0
Harvard_dip_LT_37C_2N-R2-Time240_R1.fastq.gz,37C_2N-R2-Time240,TAACGCTT,63,GAGACGTC,48.0
Harvard_dip_LT_37C_2N-R2-Time280_R1.fastq.gz,37C_2N-R2-Time280,TACGCAGA,73,CGCATCGA,44.0
Harvard_dip_LT_37C_2N-R2-Time320_R1.fastq.gz,37C_2N-R2-Time320,GCTAGCCT,64,CGCTGTAT,51.0
Harvard_dip_LT_37C_2N-R2-Time80_R1.fastq.gz,37C_2N-R2-Time80,ACGTACCG,69,CGCTGTAT,51.0
Harvard_dip_LT_37C_2N-R2-Time8_R1.fastq.gz,37C_2N-R2-Time8,GTAGCGAT,67,CGCTGTAT,51.0
Harvard_dip_LT_48Hr_2N-R1-Time120_R1.fastq.gz,48Hr_2N-R1-Time120,TGCCTGCC,70,GAGACGTC,48.0
Harvard_dip_LT_48Hr_2N-R1-Time160_R1.fastq.gz,48Hr_2N-R1-Time160,CAACAGAT,66,ACTGTGTT,47.0
Harvard_dip_LT_48Hr_2N-R1-Time200_R1.fastq.gz,48Hr_2N-R1-Time200,GTAGCGAT,67,TATGTACG,49.0
Harvard_dip_LT_48Hr_2N-R1-Time240_R1.fastq.gz,48Hr_2N-R1-Time240,TGCCTGCC,70,TATGTACG,49.0
Harvard_dip_LT_48Hr_2N-R1-Time280_R1.fastq.gz,48Hr_2N-R1-Time280,TGCCTGCC,70,CGCTGTAT,51.0
Harvard_dip_LT_48Hr_2N-R1-Time320_R1.fastq.gz,48Hr_2N-R1-Time320,CAACAGAT,66,AGCAGATC,46.0
Harvard_dip_LT_48Hr_2N-R1-Time80_R1.fastq.gz,48Hr_2N-R1-Time80,GCGTTAAT,60,TATGTACG,49.0
Harvard_dip_LT_48Hr_2N-R1-Time8_R1.fastq.gz,48Hr_2N-R1-Time8,CAACAGAT,66,TATGTACG,49.0
Harvard_dip_LT_48Hr_2N-R2-Time120_R1.fastq.gz,48Hr_2N-R2-Time120,CAACAGAT,66,TCAGCTCG,45.0
Harvard_dip_LT_48Hr_2N-R2-Time160_R1.fastq.gz,48Hr_2N-R2-Time160,GCTAGCCT,64,TATGTACG,49.0
Harvard_dip_LT_48Hr_2N-R2-Time200_R1.fastq.gz,48Hr_2N-R2-Time200,GTAGCGAT,67,GAGACGTC,48.0
Harvard_dip_LT_48Hr_2N-R2-Time240_R1.fastq.gz,48Hr_2N-R2-Time240,ATGCATCG,71,ACTGTGTT,47.0
Harvard_dip_LT_48Hr_2N-R2-Time280_R1.fastq.gz,48Hr_2N-R2-Time280,ATGCATCG,71,CGCTGTAT,51.0
Harvard_dip_LT_48Hr_2N-R2-Time320_R1.fastq.gz,48Hr_2N-R2-Time320,GCTAGCCT,64,AGCAGATC,46.0
Harvard_dip_LT_48Hr_2N-R2-Time80_R1.fastq.gz,48Hr_2N-R2-Time80,ATGCATCG,71,TATGTACG,49.0
Harvard_dip_LT_48Hr_2N-R2-Time8_R1.fastq.gz,48Hr_2N-R2-Time8,GCTAGCCT,64,ACTGTGTT,47.0
Harvard_dip_LT_pH3_8_2N-R1-Time120_R1.fastq.gz,pH3_8_2N-R1-Time120,GTAGCGAT,67,CGCATCGA,44.0
Harvard_dip_LT_pH3_8_2N-R1-Time160_R1.fastq.gz,pH3_8_2N-R1-Time160,TAACGCTT,63,TATGTACG,49.0
Harvard_dip_LT_pH3_8_2N-R1-Time200_R1.fastq.gz,pH3_8_2N-R1-Time200,GCTAGCCT,64,GAATCGAA,43.0
Harvard_dip_LT_pH3_8_2N-R1-Time240_R1.fastq.gz,pH3_8_2N-R1-Time240,TAACGCTT,63,TCAGCTCG,45.0
Harvard_dip_LT_pH3_8_2N-R1-Time280_R1.fastq.gz,pH3_8_2N-R1-Time280,GCTAGCCT,64,CGCATCGA,44.0
Harvard_dip_LT_pH3_8_2N-R1-Time320_R1.fastq.gz,pH3_8_2N-R1-Time320,TACGCAGA,73,TCAGCTCG,45.0
Harvard_dip_LT_pH3_8_2N-R1-Time80_R1.fastq.gz,pH3_8_2N-R1-Time80,GCGTTAAT,60,GAGACGTC,48.0
Harvard_dip_LT_pH3_8_2N-R1-Time8_R1.fastq.gz,pH3_8_2N-R1-Time8,TCTACTTA,62,GAGACGTC,48.0
Harvard_dip_LT_pH3_8_2N-R2-Time120_R1.fastq.gz,pH3_8_2N-R2-Time120,CGCTGTGA,68,AGCAGATC,46.0
Harvard_dip_LT_pH3_8_2N-R2-Time160_R1.fastq.gz,pH3_8_2N-R2-Time160,CTGGCTAC,65,GAGACGTC,48.0
Harvard_dip_LT_pH3_8_2N-R2-Time200_R1.fastq.gz,pH3_8_2N-R2-Time200,GCGTTAAT,60,GAATCGAA,43.0
Harvard_dip_LT_pH3_8_2N-R2-Time240_R1.fastq.gz,pH3_8_2N-R2-Time240,ATGCATCG,71,GAGACGTC,48.0
Harvard_dip_LT_pH3_8_2N-R2-Time280_R1.fastq.gz,pH3_8_2N-R2-Time280,TAACGCTT,63,AGCAGATC,46.0
Harvard_dip_LT_pH3_8_2N-R2-Time320_R1.fastq.gz,pH3_8_2N-R2-Time320,CGCTGTGA,68,TCAGCTCG,45.0
Harvard_dip_LT_pH3_8_2N-R2-Time80_R1.fastq.gz,pH3_8_2N-R2-Time80,CGCTGTGA,68,TATGTACG,49.0
Harvard_dip_LT_pH3_8_2N-R2-Time8_R1.fastq.gz,pH3_8_2N-R2-Time8,CTGGCTAC,65,ACTGTGTT,47.0
Harvard_dip_LT_pH7_3_2N-R1-Time120_R1.fastq.gz,pH7_3_2N-R1-Time120,ACGTACCG,69,TCAGCTCG,45.0
Harvard_dip_LT_pH7_3_2N-R1-Time160_R1.fastq.gz,pH7_3_2N-R1-Time160,ACGTACCG,69,TATGTACG,49.0
Harvard_dip_LT_pH7_3_2N-R1-Time200_R1.fastq.gz,pH7_3_2N-R1-Time200,TCTACTTA,62,GAATCGAA,43.0
Harvard_dip_LT_pH7_3_2N-R1-Time240_R1.fastq.gz,pH7_3_2N-R1-Time240,CTGGCTAC,65,AGCAGATC,46.0
Harvard_dip_LT_pH7_3_2N-R1-Time280_R1.fastq.gz,pH7_3_2N-R1-Time280,TCTACTTA,62,TCAGCTCG,45.0
Harvard_dip_LT_pH7_3_2N-R1-Time320_R1.fastq.gz,pH7_3_2N-R1-Time320,ACGTACCG,69,GAGACGTC,48.0
Harvard_dip_LT_pH7_3_2N-R1-Time80_R1.fastq.gz,pH7_3_2N-R1-Time80,GCTAGCCT,64,TCAGCTCG,45.0
Harvard_dip_LT_pH7_3_2N-R1-Time8_R1.fastq.gz,pH7_3_2N-R1-Time8,GTAGCGAT,67,AGCAGATC,46.0
Harvard_dip_LT_pH7_3_2N-R2-Time120_R1.fastq.gz,pH7_3_2N-R2-Time120,CGCTGTGA,68,CGCTGTAT,51.0
Harvard_dip_LT_pH7_3_2N-R2-Time160_R1.fastq.gz,pH7_3_2N-R2-Time160,TACGCAGA,73,GAATCGAA,43.0
Harvard_dip_LT_pH7_3_2N-R2-Time200_R1.fastq.gz,pH7_3_2N-R2-Time200,TACGCAGA,73,AGCAGATC,46.0
Harvard_dip_LT_pH7_3_2N-R2-Time240_R1.fastq.gz,pH7_3_2N-R2-Time240,TACGCAGA,73,ACTGTGTT,47.0
Harvard_dip_LT_pH7_3_2N-R2-Time280_R1.fastq.gz,pH7_3_2N-R2-Time280,CAACAGAT,66,GAATCGAA,43.0
Harvard_dip_LT_pH7_3_2N-R2-Time320_R1.fastq.gz,pH7_3_2N-R2-Time320,TGCCTGCC,70,ACTGTGTT,47.0
Harvard_dip_LT_pH7_3_2N-R2-Time80_R1.fastq.gz,pH7_3_2N-R2-Time80,GCTAGCCT,64,GAGACGTC,48.0
Harvard_dip_LT_pH7_3_2N-R2-Time8_R1.fastq.gz,pH7_3_2N-R2-Time8,GCGTTAAT,60,ACTGTGTT,47.0
Harvard_dip_LT_SC_2N-R1-Time120_R1.fastq.gz,SC_2N-R1-Time120,ATGCATCG,71,AGCAGATC,46.0
Harvard_dip_LT_SC_2N-R1-Time160_R1.fastq.gz,SC_2N-R1-Time160,GTAGCGAT,67,ACTGTGTT,47.0
Harvard_dip_LT_SC_2N-R1-Time200_R1.fastq.gz,SC_2N-R1-Time200,TAACGCTT,63,CGCTGTAT,51.0
Harvard_dip_LT_SC_2N-R1-Time240_R1.fastq.gz,SC_2N-R1-Time240,TAACGCTT,63,ACTGTGTT,47.0
Harvard_dip_LT_SC_2N-R1-Time280_R1.fastq.gz,SC_2N-R1-Time280,TGCCTGCC,70,AGCAGATC,46.0
Harvard_dip_LT_SC_2N-R1-Time320_R1.fastq.gz,SC_2N-R1-Time320,CGCTGTGA,68,ACTGTGTT,47.0
Harvard_dip_LT_SC_2N-R1-Time80_R1.fastq.gz,SC_2N-R1-Time80,TCTACTTA,62,CGCATCGA,44.0
Harvard_dip_LT_SC_2N-R1-Time8_R1.fastq.gz,SC_2N-R1-Time8,CAACAGAT,66,GAGACGTC,48.0
Harvard_dip_LT_SC_2N-R2-Time120_R1.fastq.gz,SC_2N-R2-Time120,ATGCATCG,71,GAATCGAA,43.0
Harvard_dip_LT_SC_2N-R2-Time160_R1.fastq.gz,SC_2N-R2-Time160,TACGCAGA,73,GAGACGTC,48.0
Harvard_dip_LT_SC_2N-R2-Time200_R1.fastq.gz,SC_2N-R2-Time200,ATGCATCG,71,TCAGCTCG,45.0
Harvard_dip_LT_SC_2N-R2-Time240_R1.fastq.gz,SC_2N-R2-Time240,TACGCAGA,73,TATGTACG,49.0
Harvard_dip_LT_SC_2N-R2-Time280_R1.fastq.gz,SC_2N-R2-Time280,CTGGCTAC,65,TCAGCTCG,45.0
Harvard_dip_LT_SC_2N-R2-Time320_R1.fastq.gz,SC_2N-R2-Time320,TGCCTGCC,70,TCAGCTCG,45.0
Harvard_dip_LT_SC_2N-R2-Time80_R1.fastq.gz,SC_2N-R2-Time80,GCGTTAAT,60,CGCTGTAT,51.0
Harvard_dip_LT_SC_2N-R2-Time8_R1.fastq.gz,SC_2N-R2-Time8,GTAGCGAT,67,TCAGCTCG,45.0
Harvard_dip_LT_YPD_2N-R1-Time120_R1.fastq.gz,YPD_2N-R1-Time120,ACGTACCG,69,ACTGTGTT,47.0
Harvard_dip_LT_YPD_2N-R1-Time160_R1.fastq.gz,YPD_2N-R1-Time160,ACGTACCG,69,CGCATCGA,44.0
Harvard_dip_LT_YPD_2N-R1-Time200_R1.fastq.gz,YPD_2N-R1-Time200,TAACGCTT,63,GAATCGAA,43.0
Harvard_dip_LT_YPD_2N-R1-Time240_R1.fastq.gz,YPD_2N-R1-Time240,TGCCTGCC,70,CGCATCGA,44.0
Harvard_dip_LT_YPD_2N-R1-Time280_R1.fastq.gz,YPD_2N-R1-Time280,CTGGCTAC,65,TATGTACG,49.0
Harvard_dip_LT_YPD_2N-R1-Time320_R1.fastq.gz,YPD_2N-R1-Time320,ACGTACCG,69,AGCAGATC,46.0
Harvard_dip_LT_YPD_2N-R1-Time80_R1.fastq.gz,YPD_2N-R1-Time80,TCTACTTA,62,ACTGTGTT,47.0
Harvard_dip_LT_YPD_2N-R1-Time8_R1.fastq.gz,YPD_2N-R1-Time8,TCTACTTA,62,CGCTGTAT,51.0
Harvard_dip_LT_YPD_2N-R2-Time120_R1.fastq.gz,YPD_2N-R2-Time120,TAACGCTT,63,CGCATCGA,44.0
Harvard_dip_LT_YPD_2N-R2-Time160_R1.fastq.gz,YPD_2N-R2-Time160,CTGGCTAC,65,CGCATCGA,44.0
Harvard_dip_LT_YPD_2N-R2-Time200_R1.fastq.gz,YPD_2N-R2-Time200,CAACAGAT,66,CGCATCGA,44.0
Harvard_dip_LT_YPD_2N-R2-Time240_R1.fastq.gz,YPD_2N-R2-Time240,GTAGCGAT,67,GAATCGAA,43.0
Harvard_dip_LT_YPD_2N-R2-Time280_R1.fastq.gz,YPD_2N-R2-Time280,CGCTGTGA,68,CGCATCGA,44.0
Harvard_dip_LT_YPD_2N-R2-Time320_R1.fastq.gz,YPD_2N-R2-Time320,GCGTTAAT,60,CGCATCGA,44.0
Harvard_dip_LT_YPD_2N-R2-Time80_R1.fastq.gz,YPD_2N-R2-Time80,CGCTGTGA,68,GAATCGAA,43.0
Harvard_dip_LT_YPD_2N-R2-Time8_R1.fastq.gz,YPD_2N-R2-Time8,CTGGCTAC,65,CGCTGTAT,51.0
hBFA1-21C_alpha-R1-Subpool_S18_R1_001.fastq.gz,hBFA1-21C_alpha-R1-Subpool,TGTAGCAA,39,,
hBFA1-21C_alpha-R2-Subpool_S19_R1_001.fastq.gz,hBFA1-21C_alpha-R2-Subpool,AGATAGGT,40,,
hBFA1-37C_alpha-R1-Subpool_S8_R1_001.fastq.gz,hBFA1-37C_alpha-R1-Subpool,TGTAGCAA,39,,
hBFA1-37C_alpha-R2-Subpool_S9_R1_001.fastq.gz,hBFA1-37C_alpha-R2-Subpool,AGATAGGT,40,,
hBFA1-CLM_alpha-R1-Subpool_S16_R1_001.fastq.gz,hBFA1-CLM_alpha-R1-Subpool,ATCGTAGG,37,,
hBFA1-CLM_alpha-R2-Subpool_S17_R1_001.fastq.gz,hBFA1-CLM_alpha-R2-Subpool,GAACCTAG,38,,
hBFA1-FLC4_alpha-R1-Subpool_S14_R1_001.fastq.gz,hBFA1-FLC4_alpha-R1-Subpool,CAGAGGCT,35,,
hBFA1-FLC4_alpha-R2-Subpool_S15_R1_001.fastq.gz,hBFA1-FLC4_alpha-R2-Subpool,TGCAAGGC,36,,
hBFA1-GlyEtOH_alpha-R1-autodiploids_S38_R1_001.fastq.gz,hBFA1-GlyEtOH_alpha-R1-autodiploids,GTTCACTT,44,,
hBFA1-GlyEtOH_alpha-R1-Subpool_S36_R1_001.fastq.gz,hBFA1-GlyEtOH_alpha-R1-Subpool,CCATCGTC,42,,
hBFA1-GlyEtOH_alpha-R2-autodiploids_S39_R1_001.fastq.gz,hBFA1-GlyEtOH_alpha-R2-autodiploids,ATCGTAGG,37,,
hBFA1-GlyEtOH_alpha-R2-Subpool_S37_R1_001.fastq.gz,hBFA1-GlyEtOH_alpha-R2-Subpool,TCTGGACG,43,,
hBFA1_h1_hBFA1-21C-R1-Time16_R1.fastq.gz,hBFA1-21C-R1-Time16,GGCTAC,63,ATACTGCGT,49.0
hBFA1_h1_hBFA1-21C-R1-Time24_R1.fastq.gz,hBFA1-21C-R1-Time24,TGACCA,63,CTGCTACTC,49.0
hBFA1_h1_hBFA1-21C-R1-Time40_R1.fastq.gz,hBFA1-21C-R1-Time40,ACAGTG,63,TGAGCTAGC,49.0
hBFA1_h1_hBFA1-21C-R1-Time8_R1.fastq.gz,hBFA1-21C-R1-Time8,ACAGTG,63,GAGACGTCT,49.0
hBFA1_h1_hBFA1-21C-R2-Time16_R1.fastq.gz,hBFA1-21C-R2-Time16,GCCAAT,63,GAGACGTCT,49.0
hBFA1_h1_hBFA1-21C-R2-Time24_R1.fastq.gz,hBFA1-21C-R2-Time24,TGACCA,63,ACTAGCAGA,49.0
hBFA1_h1_hBFA1-21C-R2-Time40_R1.fastq.gz,hBFA1-21C-R2-Time40,GCCAAT,63,CTGCTACTC,49.0
hBFA1_h1_hBFA1-21C-R2-Time8_R1.fastq.gz,hBFA1-21C-R2-Time8,GGCTAC,63,TGAGCTAGC,49.0
hBFA1_h1_hBFA1-37C-R1-Time16_R1.fastq.gz,hBFA1-37C-R1-Time16,GCCAAT,63,TATATACGC,49.0
hBFA1_h1_hBFA1-37C-R1-Time24_R1.fastq.gz,hBFA1-37C-R1-Time24,ACAGTG,63,TATATACGC,49.0
hBFA1_h1_hBFA1-37C-R1-Time40_R1.fastq.gz,hBFA1-37C-R1-Time40,CAGATC,63,TATATACGC,49.0
hBFA1_h1_hBFA1-37C-R1-Time8_R1.fastq.gz,hBFA1-37C-R1-Time8,GCCAAT,63,ACTAGCAGA,49.0
hBFA1_h1_hBFA1-37C-R2-Time16_R1.fastq.gz,hBFA1-37C-R2-Time16,ACAGTG,63,GCGTACGCA,49.0
hBFA1_h1_hBFA1-37C-R2-Time24_R1.fastq.gz,hBFA1-37C-R2-Time24,TGACCA,63,GAGACGTCT,49.0
hBFA1_h1_hBFA1-37C-R2-Time40_R1.fastq.gz,hBFA1-37C-R2-Time40,CGATGT,63,CTGCTACTC,49.0
hBFA1_h1_hBFA1-37C-R2-Time8_R1.fastq.gz,hBFA1-37C-R2-Time8,ACAGTG,63,CGCTCTATC,49.0
hBFA1_h1_hBFA1-pH3_8-R1-Time16_R1.fastq.gz,hBFA1-pH3_8-R1-Time16,TAGCTT,63,GAGACGTCT,49.0
hBFA1_h1_hBFA1-pH3_8-R1-Time24_R1.fastq.gz,hBFA1-pH3_8-R1-Time24,ATCACG,63,TATATACGC,49.0
hBFA1_h1_hBFA1-pH3_8-R1-Time40_R1.fastq.gz,hBFA1-pH3_8-R1-Time40,GCCAAT,63,GCGTACGCA,49.0
hBFA1_h1_hBFA1-pH3_8-R1-Time8_R1.fastq.gz,hBFA1-pH3_8-R1-Time8,ATCACG,63,GAGACGTCT,49.0
hBFA1_h1_hBFA1-pH3_8-R2-Time16_R1.fastq.gz,hBFA1-pH3_8-R2-Time16,GCCAAT,63,CGCTCTATC,49.0
hBFA1_h1_hBFA1-pH3_8-R2-Time24_R1.fastq.gz,hBFA1-pH3_8-R2-Time24,CGATGT,63,TGAGCTAGC,49.0
hBFA1_h1_hBFA1-pH3_8-R2-Time40_R1.fastq.gz,hBFA1-pH3_8-R2-Time40,TAGCTT,63,ATACTGCGT,49.0
hBFA1_h1_hBFA1-pH3_8-R2-Time8_R1.fastq.gz,hBFA1-pH3_8-R2-Time8,TAGCTT,63,TGAGCTAGC,49.0
hBFA1_h1_hBFA1-pH7_3-R1-Time16_R1.fastq.gz,hBFA1-pH7_3-R1-Time16,TAGCTT,63,CGCTCTATC,49.0
hBFA1_h1_hBFA1-pH7_3-R1-Time24_R1.fastq.gz,hBFA1-pH7_3-R1-Time24,GCCAAT,63,ATACTGCGT,49.0
hBFA1_h1_hBFA1-pH7_3-R1-Time40_R1.fastq.gz,hBFA1-pH7_3-R1-Time40,CAGATC,63,CGCTCTATC,49.0
hBFA1_h1_hBFA1-pH7_3-R1-Time8_R1.fastq.gz,hBFA1-pH7_3-R1-Time8,GGCTAC,63,CGCTCTATC,49.0
hBFA1_h1_hBFA1-pH7_3-R2-Time16_R1.fastq.gz,hBFA1-pH7_3-R2-Time16,CGATGT,63,ATACTGCGT,49.0
hBFA1_h1_hBFA1-pH7_3-R2-Time24_R1.fastq.gz,hBFA1-pH7_3-R2-Time24,CGATGT,63,CGCTCTATC,49.0
hBFA1_h1_hBFA1-pH7_3-R2-Time40_R1.fastq.gz,hBFA1-pH7_3-R2-Time40,CGATGT,63,ACTAGCAGA,49.0
hBFA1_h1_hBFA1-pH7_3-R2-Time8_R1.fastq.gz,hBFA1-pH7_3-R2-Time8,ATCACG,63,CTGCTACTC,49.0
hBFA1_h1_hBFA1-POOL_R1.fastq.gz,hBFA1-POOL,ACAGTG,63,CTGCTACTC,49.0
hBFA1_h1_hBFA1-SC-R1-Time16_R1.fastq.gz,hBFA1-SC-R1-Time16,TGACCA,63,CGCTCTATC,49.0
hBFA1_h1_hBFA1-SC-R1-Time24_R1.fastq.gz,hBFA1-SC-R1-Time24,CAGATC,63,TGAGCTAGC,49.0
hBFA1_h1_hBFA1-SC-R1-Time40_R1.fastq.gz,hBFA1-SC-R1-Time40,CAGATC,63,ACTAGCAGA,49.0
hBFA1_h1_hBFA1-SC-R1-Time8_R1.fastq.gz,hBFA1-SC-R1-Time8,ACAGTG,63,ACTAGCAGA,49.0
hBFA1_h1_hBFA1-SC-R2-Time16_R1.fastq.gz,hBFA1-SC-R2-Time16,GCCAAT,63,TGAGCTAGC,49.0
hBFA1_h1_hBFA1-SC-R2-Time24_R1.fastq.gz,hBFA1-SC-R2-Time24,ATCACG,63,CGCTCTATC,49.0
hBFA1_h1_hBFA1-SC-R2-Time40_R1.fastq.gz,hBFA1-SC-R2-Time40,TGACCA,63,GCGTACGCA,49.0
hBFA1_h1_hBFA1-SC-R2-Time8_R1.fastq.gz,hBFA1-SC-R2-Time8,CGATGT,63,TATATACGC,49.0
hBFA1_h1_hBFA1-YPD-R1-Time16_R1.fastq.gz,hBFA1-YPD-R1-Time16,GGCTAC,63,ACTAGCAGA,49.0
hBFA1_h1_hBFA1-YPD-R1-Time24_R1.fastq.gz,hBFA1-YPD-R1-Time24,ATCACG,63,ACTAGCAGA,49.0
hBFA1_h1_hBFA1-YPD-R1-Time40_R1.fastq.gz,hBFA1-YPD-R1-Time40,TAGCTT,63,CTGCTACTC,49.0
hBFA1_h1_hBFA1-YPD-R1-Time8_R1.fastq.gz,hBFA1-YPD-R1-Time8,GGCTAC,63,TATATACGC,49.0
hBFA1_h1_hBFA1-YPD-R2-Time16_R1.fastq.gz,hBFA1-YPD-R2-Time16,ATCACG,63,GCGTACGCA,49.0
hBFA1_h1_hBFA1-YPD-R2-Time24_R1.fastq.gz,hBFA1-YPD-R2-Time24,TAGCTT,63,ACTAGCAGA,49.0
hBFA1_h1_hBFA1-YPD-R2-Time40_R1.fastq.gz,hBFA1-YPD-R2-Time40,ATCACG,63,ATACTGCGT,49.0
hBFA1_h1_hBFA1-YPD-R2-Time8_R1.fastq.gz,hBFA1-YPD-R2-Time8,GGCTAC,63,GAGACGTCT,49.0
hBFA1_h2_hBFA1-48Hr-R1-Time16_R1.fastq.gz,hBFA1-48Hr-R1-Time16,GGCTAC,63,ACTAGCAGA,49.0
hBFA1_h2_hBFA1-48Hr-R1-Time24_R1.fastq.gz,hBFA1-48Hr-R1-Time24,ATCACG,63,ACTAGCAGA,49.0
hBFA1_h2_hBFA1-48Hr-R1-Time40_R1.fastq.gz,hBFA1-48Hr-R1-Time40,GGCTAC,63,GCGTACGCA,49.0
hBFA1_h2_hBFA1-48Hr-R1-Time8_R1.fastq.gz,hBFA1-48Hr-R1-Time8,GGCTAC,63,TATATACGC,49.0
hBFA1_h2_hBFA1-48Hr-R2-Time16_R1.fastq.gz,hBFA1-48Hr-R2-Time16,GGCTAC,63,GAGACGTCT,49.0
hBFA1_h2_hBFA1-48Hr-R2-Time24_R1.fastq.gz,hBFA1-48Hr-R2-Time24,ATCACG,63,GCGTACGCA,49.0
hBFA1_h2_hBFA1-48Hr-R2-Time40_R1.fastq.gz,hBFA1-48Hr-R2-Time40,TAGCTT,63,ACTAGCAGA,49.0
hBFA1_h2_hBFA1-48Hr-R2-Time8_R1.fastq.gz,hBFA1-48Hr-R2-Time8,TAGCTT,63,CTGCTACTC,49.0
hBFA1_h2_hBFA1-FLC4-R2-Time16_R1.fastq.gz,hBFA1-FLC4-R2-Time16,CGATGT,63,TATATACGC,49.0
hBFA1_h2_hBFA1-FLC4-R2-Time24_R1.fastq.gz,hBFA1-FLC4-R2-Time24,GCCAAT,63,TGAGCTAGC,49.0
hBFA1_h2_hBFA1-FLC4-R2-Time40_R1.fastq.gz,hBFA1-FLC4-R2-Time40,ATCACG,63,CGCTCTATC,49.0
hBFA1_h2_hBFA1-FLC4-R2-Time8_R1.fastq.gz,hBFA1-FLC4-R2-Time8,ACAGTG,63,ACTAGCAGA,49.0
hBFA1_h2_hBFA1-GlyEtOH-R1-Time16_R1.fastq.gz,hBFA1-GlyEtOH-R1-Time16,TAGCTT,63,CGCTCTATC,49.0
hBFA1_h2_hBFA1-GlyEtOH-R1-Time24_R1.fastq.gz,hBFA1-GlyEtOH-R1-Time24,GCCAAT,63,ATACTGCGT,49.0
hBFA1_h2_hBFA1-GlyEtOH-R1-Time40_R1.fastq.gz,hBFA1-GlyEtOH-R1-Time40,CGATGT,63,GAGACGTCT,49.0
hBFA1_h2_hBFA1-GlyEtOH-R1-Time8_R1.fastq.gz,hBFA1-GlyEtOH-R1-Time8,GGCTAC,63,CGCTCTATC,49.0
hBFA1_h2_hBFA1-GlyEtOH-R2-Time16_R1.fastq.gz,hBFA1-GlyEtOH-R2-Time16,ATCACG,63,CTGCTACTC,49.0
hBFA1_h2_hBFA1-GlyEtOH-R2-Time24_R1.fastq.gz,hBFA1-GlyEtOH-R2-Time24,CGATGT,63,ATACTGCGT,49.0
hBFA1_h2_hBFA1-GlyEtOH-R2-Time40_R1.fastq.gz,hBFA1-GlyEtOH-R2-Time40,CGATGT,63,CGCTCTATC,49.0
hBFA1_h2_hBFA1-GlyEtOH-R2-Time8_R1.fastq.gz,hBFA1-GlyEtOH-R2-Time8,CAGATC,63,CGCTCTATC,49.0
hBFA1-pH3_8_alpha-R1-Subpool_S10_R1_001.fastq.gz,hBFA1-pH3_8_alpha-R1-Subpool,GACTTCTC,41,,
hBFA1-pH3_8_alpha-R2-Subpool_S11_R1_001.fastq.gz,hBFA1-pH3_8_alpha-R2-Subpool,CCATCGTC,42,,
hBFA1-pH7_3_alpha-R1-Subpool_S12_R1_001.fastq.gz,hBFA1-pH7_3_alpha-R1-Subpool,TCTGGACG,43,,
hBFA1-pH7_3_alpha-R2-Subpool_S13_R1_001.fastq.gz,hBFA1-pH7_3_alpha-R2-Subpool,GTTCACTT,44,,
hBFA1-SC_alpha-R1-Subpool_S6_R1_001.fastq.gz,hBFA1-SC_alpha-R1-Subpool,ATCGTAGG,37,,
hBFA1-SC_alpha-R2-Subpool_S7_R1_001.fastq.gz,hBFA1-SC_alpha-R2-Subpool,GAACCTAG,38,,
hBFA1-YPD_alpha-R1-Subpool_S4_R1_001.fastq.gz,hBFA1-YPD_alpha-R1-Subpool,CAGAGGCT,35,,
hBFA1-YPD_alpha-R2-Subpool_S5_R1_001.fastq.gz,hBFA1-YPD_alpha-R2-Subpool,TGCAAGGC,36,,
hBFA2-02M_NaCl_alpha-R1-Subpool_S28_R1_001.fastq.gz,hBFA2-02M_NaCl_alpha-R1-Subpool,TGTAGCAA,39,,
hBFA2-08M_NaCl_alpha-R2-Subpool_S29_R1_001.fastq.gz,hBFA2-08M_NaCl_alpha-R2-Subpool,AGATAGGT,40,,
hBFA2-21C_alpha-R1-Subpool_S31_R1_001.fastq.gz,hBFA2-21C_alpha-R1-Subpool,CCATCGTC,42,,
hBFA2-37C_alpha-R1-Subpool_S24_R1_001.fastq.gz,hBFA2-37C_alpha-R1-Subpool,CAGAGGCT,35,,
hBFA2-CLM_2N-R1-Subpool_S40_R1_001.fastq.gz,hBFA2-CLM_2N-R1-Subpool,GAACCTAG,38,,
hBFA2-CLM_alpha-R1-Subpool_S26_R1_001.fastq.gz,hBFA2-CLM_alpha-R1-Subpool,ATCGTAGG,37,,
hBFA2_dBFA2_h2_dBFA2-37C-R1-Time16_R1.fastq.gz,dBFA2-37C-R1-Time16,CAACAGAT,66,AGCAGATC,46.0
hBFA2_dBFA2_h2_dBFA2-37C-R3-Time32_R1.fastq.gz,dBFA2-37C-R3-Time32,ATGCATCG,71,ACTGTGTT,47.0
hBFA2_dBFA2_h2_dBFA2-48Hr-R1-Time8_R1.fastq.gz,dBFA2-48Hr-R1-Time8,CTGGCTAC,65,ACTGTGTT,47.0
hBFA2_dBFA2_h2_dBFA2-48Hr-R3-Time32_R1.fastq.gz,dBFA2-48Hr-R3-Time32,ACGTACCG,69,ACTGTGTT,47.0
hBFA2_dBFA2_h2_dBFA2-pH3_8-R1-Time32_R1.fastq.gz,dBFA2-pH3_8-R1-Time32,ATGCATCG,71,AGCAGATC,46.0
hBFA2_dBFA2_h2_dBFA2-pH3_8-R2-Time16_R1.fastq.gz,dBFA2-pH3_8-R2-Time16,GTAGCGAT,67,TCAGCTCG,45.0
hBFA2_dBFA2_h2_dBFA2-pH3_8-R2-Time24_R1.fastq.gz,dBFA2-pH3_8-R2-Time24,GCGTTAAT,60,CGCATCGA,44.0
hBFA2_dBFA2_h2_dBFA2-pH3_8-R2-Time32_R1.fastq.gz,dBFA2-pH3_8-R2-Time32,CGCTGTGA,68,ACTGTGTT,47.0
hBFA2_dBFA2_h2_dBFA2-pH3_8-R2-Time40_R1.fastq.gz,dBFA2-pH3_8-R2-Time40,CAACAGAT,66,CGCTGTAT,51.0
hBFA2_dBFA2_h2_dBFA2-pH7_3-R2-Time16_R1.fastq.gz,dBFA2-pH7_3-R2-Time16,CGCTGTGA,68,GAGACGTC,48.0
hBFA2_dBFA2_h2_dBFA2-SC-R1-Time16_R1.fastq.gz,dBFA2-SC-R1-Time16,GTAGCGAT,67,CGCTGTAT,51.0
hBFA2_dBFA2_h2_dBFA2-SC-R2-Time40_R1.fastq.gz,dBFA2-SC-R2-Time40,TCTACTTA,62,AGCAGATC,46.0
hBFA2_dBFA2_h2_dBFA2-YPD-R1-Time40_R1.fastq.gz,dBFA2-YPD-R1-Time40,GCGTTAAT,60,GAATCGAA,43.0
hBFA2_dBFA2_h2_hBFA2-37C-R1-Time8_R1.fastq.gz,hBFA2-37C-R1-Time8,CGCTGTGA,68,AGCAGATC,46.0
hBFA2_dBFA2_h2_hBFA2-37C-R2-Time16_R1.fastq.gz,hBFA2-37C-R2-Time16,GCTAGCCT,64,GAATCGAA,43.0
hBFA2_dBFA2_h2_hBFA2-37C-R2-Time24_R1.fastq.gz,hBFA2-37C-R2-Time24,CGCTGTGA,68,CGCTGTAT,51.0
hBFA2_dBFA2_h2_hBFA2-37C-R2-Time32_R1.fastq.gz,hBFA2-37C-R2-Time32,CAACAGAT,66,ACTGTGTT,47.0
hBFA2_dBFA2_h2_hBFA2-37C-R2-Time40_R1.fastq.gz,hBFA2-37C-R2-Time40,TGCCTGCC,70,ACTGTGTT,47.0
hBFA2_dBFA2_h2_hBFA2-37C-R2-Time8_R1.fastq.gz,hBFA2-37C-R2-Time8,ACGTACCG,69,CGCTGTAT,51.0
hBFA2_dBFA2_h2_hBFA2-37C-R3-Time16_R1.fastq.gz,hBFA2-37C-R3-Time16,ATGCATCG,71,TCAGCTCG,45.0
hBFA2_dBFA2_h2_hBFA2-37C-R3-Time24_R1.fastq.gz,hBFA2-37C-R3-Time24,CAACAGAT,66,GAGACGTC,48.0
hBFA2_dBFA2_h2_hBFA2-37C-R3-Time32_R1.fastq.gz,hBFA2-37C-R3-Time32,GCTAGCCT,64,ACTGTGTT,47.0
hBFA2_dBFA2_h2_hBFA2-37C-R3-Time40_R1.fastq.gz,hBFA2-37C-R3-Time40,TCTACTTA,62,TCAGCTCG,45.0
hBFA2_dBFA2_h2_hBFA2-37C-R3-Time8_R1.fastq.gz,hBFA2-37C-R3-Time8,GCGTTAAT,60,CGCTGTAT,51.0
hBFA2_dBFA2_h2_hBFA2-48Hr-R1-Time16_R1.fastq.gz,hBFA2-48Hr-R1-Time16,ACGTACCG,69,GAGACGTC,48.0
hBFA2_dBFA2_h2_hBFA2-48Hr-R1-Time24_R1.fastq.gz,hBFA2-48Hr-R1-Time24,GCTAGCCT,64,TCAGCTCG,45.0
hBFA2_dBFA2_h2_hBFA2-48Hr-R1-Time40_R1.fastq.gz,hBFA2-48Hr-R1-Time40,CTGGCTAC,65,CGCATCGA,44.0
hBFA2_dBFA2_h2_hBFA2-48Hr-R2-Time16_R1.fastq.gz,hBFA2-48Hr-R2-Time16,CAACAGAT,66,TCAGCTCG,45.0
hBFA2_dBFA2_h2_hBFA2-48Hr-R2-Time32_R1.fastq.gz,hBFA2-48Hr-R2-Time32,GCGTTAAT,60,TCAGCTCG,45.0
hBFA2_dBFA2_h2_hBFA2-48Hr-R2-Time40_R1.fastq.gz,hBFA2-48Hr-R2-Time40,GTAGCGAT,67,GAGACGTC,48.0
hBFA2_dBFA2_h2_hBFA2-pH3_8-R1-Time16_R1.fastq.gz,hBFA2-pH3_8-R1-Time16,CTGGCTAC,65,GAATCGAA,43.0
hBFA2_dBFA2_h2_hBFA2-pH3_8-R1-Time32_R1.fastq.gz,hBFA2-pH3_8-R1-Time32,TACGCAGA,73,CGCATCGA,44.0
hBFA2_dBFA2_h2_hBFA2-pH3_8-R2-Time16_R1.fastq.gz,hBFA2-pH3_8-R2-Time16,GCGTTAAT,60,TATGTACG,49.0
hBFA2_dBFA2_h2_hBFA2-pH3_8-R2-Time24_R1.fastq.gz,hBFA2-pH3_8-R2-Time24,GCGTTAAT,60,ACTGTGTT,47.0
hBFA2_dBFA2_h2_hBFA2-pH3_8-R2-Time32_R1.fastq.gz,hBFA2-pH3_8-R2-Time32,CTGGCTAC,65,AGCAGATC,46.0
hBFA2_dBFA2_h2_hBFA2-pH3_8-R2-Time40_R1.fastq.gz,hBFA2-pH3_8-R2-Time40,ATGCATCG,71,CGCTGTAT,51.0
hBFA2_dBFA2_h2_hBFA2-pH3_8-R2-Time8_R1.fastq.gz,hBFA2-pH3_8-R2-Time8,CGCTGTGA,68,GAATCGAA,43.0
hBFA2_dBFA2_h2_hBFA2-pH3_8-R3-Time16_R1.fastq.gz,hBFA2-pH3_8-R3-Time16,ACGTACCG,69,AGCAGATC,46.0
hBFA2_dBFA2_h2_hBFA2-pH3_8-R3-Time24_R1.fastq.gz,hBFA2-pH3_8-R3-Time24,CGCTGTGA,68,TCAGCTCG,45.0
hBFA2_dBFA2_h2_hBFA2-pH3_8-R3-Time32_R1.fastq.gz,hBFA2-pH3_8-R3-Time32,ACGTACCG,69,TATGTACG,49.0
hBFA2_dBFA2_h2_hBFA2-pH3_8-R3-Time40_R1.fastq.gz,hBFA2-pH3_8-R3-Time40,GCTAGCCT,64,CGCATCGA,44.0
hBFA2_dBFA2_h2_hBFA2-pH3_8-R3-Time8_R1.fastq.gz,hBFA2-pH3_8-R3-Time8,GTAGCGAT,67,CGCATCGA,44.0
hBFA2_dBFA2_h2_hBFA2-pH7_3-R3-Time16_R1.fastq.gz,hBFA2-pH7_3-R3-Time16,GTAGCGAT,67,AGCAGATC,46.0
hBFA2_dBFA2_h2_hBFA2-pH7_3-R3-Time24_R1.fastq.gz,hBFA2-pH7_3-R3-Time24,ATGCATCG,71,TATGTACG,49.0
hBFA2_dBFA2_h2_hBFA2-pH7_3-R3-Time32_R1.fastq.gz,hBFA2-pH7_3-R3-Time32,CAACAGAT,66,CGCATCGA,44.0
hBFA2_dBFA2_h2_hBFA2-pH7_3-R3-Time40_R1.fastq.gz,hBFA2-pH7_3-R3-Time40,TACGCAGA,73,GAGACGTC,48.0
hBFA2_dBFA2_h2_hBFA2-pH7_3-R3-Time8_R1.fastq.gz,hBFA2-pH7_3-R3-Time8,TGCCTGCC,70,GAGACGTC,48.0
hBFA2_dBFA2_h2_hBFA2-SC-R1-Time32_R1.fastq.gz,hBFA2-SC-R1-Time32,GTAGCGAT,67,ACTGTGTT,47.0
hBFA2_dBFA2_h2_hBFA2-SC-R1-Time8_R1.fastq.gz,hBFA2-SC-R1-Time8,GCTAGCCT,64,CGCTGTAT,51.0
hBFA2_dBFA2_h2_hBFA2-SC-R2-Time16_R1.fastq.gz,hBFA2-SC-R2-Time16,TCTACTTA,62,ACTGTGTT,47.0
hBFA2_dBFA2_h2_hBFA2-SC-R2-Time24_R1.fastq.gz,hBFA2-SC-R2-Time24,TACGCAGA,73,CGCTGTAT,51.0
hBFA2_dBFA2_h2_hBFA2-SC-R2-Time32_R1.fastq.gz,hBFA2-SC-R2-Time32,CTGGCTAC,65,TCAGCTCG,45.0
hBFA2_dBFA2_h2_hBFA2-SC-R2-Time40_R1.fastq.gz,hBFA2-SC-R2-Time40,TGCCTGCC,70,CGCTGTAT,51.0
hBFA2_dBFA2_h2_hBFA2-SC-R2-Time8_R1.fastq.gz,hBFA2-SC-R2-Time8,GTAGCGAT,67,TATGTACG,49.0
hBFA2_dBFA2_h2_hBFA2-SC-R3-Time16_R1.fastq.gz,hBFA2-SC-R3-Time16,TACGCAGA,73,AGCAGATC,46.0
hBFA2_dBFA2_h2_hBFA2-SC-R3-Time24_R1.fastq.gz,hBFA2-SC-R3-Time24,GCGTTAAT,60,GAGACGTC,48.0
hBFA2_dBFA2_h2_hBFA2-SC-R3-Time32_R1.fastq.gz,hBFA2-SC-R3-Time32,CTGGCTAC,65,CGCTGTAT,51.0
hBFA2_dBFA2_h2_hBFA2-SC-R3-Time40_R1.fastq.gz,hBFA2-SC-R3-Time40,ATGCATCG,71,CGCATCGA,44.0
hBFA2_dBFA2_h2_hBFA2-SC-R3-Time8_R1.fastq.gz,hBFA2-SC-R3-Time8,CAACAGAT,66,TATGTACG,49.0
hBFA2_dBFA2_h2_hBFA2-YPD-R3-Time16_R1.fastq.gz,hBFA2-YPD-R3-Time16,TGCCTGCC,70,AGCAGATC,46.0
hBFA2_dBFA2_h2_hBFA2-YPD-R3-Time24_R1.fastq.gz,hBFA2-YPD-R3-Time24,TGCCTGCC,70,TCAGCTCG,45.0
hBFA2_dBFA2_h2_hBFA2-YPD-R3-Time32_R1.fastq.gz,hBFA2-YPD-R3-Time32,CTGGCTAC,65,GAGACGTC,48.0
hBFA2_dBFA2_h2_hBFA2-YPD-R3-Time40_R1.fastq.gz,hBFA2-YPD-R3-Time40,GCTAGCCT,64,TATGTACG,49.0
hBFA2_dBFA2_h2_hBFA2-YPD-R3-Time8_R1.fastq.gz,hBFA2-YPD-R3-Time8,ACGTACCG,69,CGCATCGA,44.0
hBFA2-FLC4_2N-R1-Subpool_S27_R1_001.fastq.gz,hBFA2-FLC4_2N-R1-Subpool,GAACCTAG,38,,
hBFA2-FLC4_alpha-R1-Subpool_S30_R1_001.fastq.gz,hBFA2-FLC4_alpha-R1-Subpool,GACTTCTC,41,,
hBFA2-GlyEtOH_2N-R1-Subpool_S35_R1_001.fastq.gz,hBFA2-GlyEtOH_2N-R1-Subpool,TGCAAGGC,36,,
hBFA2-GlyEtOH_alpha-R1-Subpool_S25_R1_001.fastq.gz,hBFA2-GlyEtOH_alpha-R1-Subpool,TGCAAGGC,36,,
hBFA2_h1_hBFA2-37C-R1-Time16_R1.fastq.gz,hBFA2-37C-R1-Time16,TGCCTGCC,70,CGCTGTAT,51.0
hBFA2_h1_hBFA2-37C-R1-Time24_R1.fastq.gz,hBFA2-37C-R1-Time24,TGCCTGCC,70,GAGACGTC,48.0
hBFA2_h1_hBFA2-37C-R1-Time32_R1.fastq.gz,hBFA2-37C-R1-Time32,GCTAGCCT,64,AGCAGATC,46.0
hBFA2_h1_hBFA2-37C-R1-Time40_R1.fastq.gz,hBFA2-37C-R1-Time40,TAACGCTT,63,ACTGTGTT,47.0
hBFA2_h1_hBFA2-pH3_8-R1-Time24_R1.fastq.gz,hBFA2-pH3_8-R1-Time24,GTAGCGAT,67,CGCATCGA,44.0
hBFA2_h1_hBFA2-pH3_8-R1-Time40_R1.fastq.gz,hBFA2-pH3_8-R1-Time40,GCTAGCCT,64,CGCATCGA,44.0
hBFA2_h1_hBFA2-pH3_8-R1-Time8_R1.fastq.gz,hBFA2-pH3_8-R1-Time8,CAACAGAT,66,TCAGCTCG,45.0
hBFA2_h1_hBFA2-pH7_3-R1-Time16_R1.fastq.gz,hBFA2-pH7_3-R1-Time16,ACGTACCG,69,TATGTACG,49.0
hBFA2_h1_hBFA2-pH7_3-R1-Time24_R1.fastq.gz,hBFA2-pH7_3-R1-Time24,TACGCAGA,73,CGCATCGA,44.0
hBFA2_h1_hBFA2-pH7_3-R1-Time32_R1.fastq.gz,hBFA2-pH7_3-R1-Time32,CAACAGAT,66,CGCTGTAT,51.0
hBFA2_h1_hBFA2-pH7_3-R1-Time40_R1.fastq.gz,hBFA2-pH7_3-R1-Time40,GCTAGCCT,64,GAGACGTC,48.0
hBFA2_h1_hBFA2-pH7_3-R1-Time8_R1.fastq.gz,hBFA2-pH7_3-R1-Time8,GCGTTAAT,60,TCAGCTCG,45.0
hBFA2_h1_hBFA2-pH7_3-R2-Time16_R1.fastq.gz,hBFA2-pH7_3-R2-Time16,ACGTACCG,69,AGCAGATC,46.0
hBFA2_h1_hBFA2-pH7_3-R2-Time24_R1.fastq.gz,hBFA2-pH7_3-R2-Time24,TCTACTTA,62,GAATCGAA,43.0
hBFA2_h1_hBFA2-pH7_3-R2-Time32_R1.fastq.gz,hBFA2-pH7_3-R2-Time32,CTGGCTAC,65,GAATCGAA,43.0
hBFA2_h1_hBFA2-pH7_3-R2-Time40_R1.fastq.gz,hBFA2-pH7_3-R2-Time40,CTGGCTAC,65,TCAGCTCG,45.0
hBFA2_h1_hBFA2-pH7_3-R2-Time8_R1.fastq.gz,hBFA2-pH7_3-R2-Time8,TAACGCTT,63,TATGTACG,49.0
hBFA2_h1_hBFA2-SC-R1-Time16_R1.fastq.gz,hBFA2-SC-R1-Time16,TGCCTGCC,70,GAATCGAA,43.0
hBFA2_h1_hBFA2-SC-R1-Time24_R1.fastq.gz,hBFA2-SC-R1-Time24,GTAGCGAT,67,GAATCGAA,43.0
hBFA2_h1_hBFA2-SC-R1-Time40_R1.fastq.gz,hBFA2-SC-R1-Time40,TCTACTTA,62,AGCAGATC,46.0
hBFA2_h1_hBFA2-YPD-R1-Time16_R1.fastq.gz,hBFA2-YPD-R1-Time16,GTAGCGAT,67,TCAGCTCG,45.0
hBFA2_h1_hBFA2-YPD-R1-Time24_R1.fastq.gz,hBFA2-YPD-R1-Time24,TGCCTGCC,70,AGCAGATC,46.0
hBFA2_h1_hBFA2-YPD-R1-Time32_R1.fastq.gz,hBFA2-YPD-R1-Time32,CAACAGAT,66,ACTGTGTT,47.0
hBFA2_h1_hBFA2-YPD-R1-Time40_R1.fastq.gz,hBFA2-YPD-R1-Time40,TACGCAGA,73,TATGTACG,49.0
hBFA2_h1_hBFA2-YPD-R1-Time8_R1.fastq.gz,hBFA2-YPD-R1-Time8,TAACGCTT,63,GAATCGAA,43.0
hBFA2_h1_hBFA2-YPD-R2-Time16_R1.fastq.gz,hBFA2-YPD-R2-Time16,CTGGCTAC,65,AGCAGATC,46.0
hBFA2_h1_hBFA2-YPD-R2-Time24_R1.fastq.gz,hBFA2-YPD-R2-Time24,ACGTACCG,69,GAATCGAA,43.0
hBFA2_h1_hBFA2-YPD-R2-Time32_R1.fastq.gz,hBFA2-YPD-R2-Time32,GTAGCGAT,67,AGCAGATC,46.0
hBFA2_h1_hBFA2-YPD-R2-Time40_R1.fastq.gz,hBFA2-YPD-R2-Time40,TAACGCTT,63,CGCATCGA,44.0
hBFA2_h1_hBFA2-YPD-R2-Time8_R1.fastq.gz,hBFA2-YPD-R2-Time8,GTAGCGAT,67,TATGTACG,49.0
hBFA2-pH3_8_alpha-R1-Subpool_S23_R1_001.fastq.gz,hBFA2-pH3_8_alpha-R1-Subpool,GTTCACTT,44,,
hBFA2-pH7_3_alpha-R1-Subpool_S22_R1_001.fastq.gz,hBFA2-pH7_3_alpha-R1-Subpool,TCTGGACG,43,,
hBFA2-SC_alpha-R1-Subpool_S21_R1_001.fastq.gz,hBFA2-SC_alpha-R1-Subpool,CCATCGTC,42,,
hBFA2_s_hBFA2-02M_NaCl-R1-Time16_R1.fastq.gz,hBFA2-02M_NaCl-R1-Time16,CGATGT,63,CGCTCTATC,49.0
hBFA2_s_hBFA2-02M_NaCl-R1-Time24_R1.fastq.gz,hBFA2-02M_NaCl-R1-Time24,CGATGT,63,GAGACGTCT,49.0
hBFA2_s_hBFA2-02M_NaCl-R1-Time32_R1.fastq.gz,hBFA2-02M_NaCl-R1-Time32,CGATGT,63,ATACTGCGT,49.0
hBFA2_s_hBFA2-02M_NaCl-R1-Time40_R1.fastq.gz,hBFA2-02M_NaCl-R1-Time40,CGATGT,63,ACTAGCAGA,49.0
hBFA2_s_hBFA2-02M_NaCl-R1-Time8_R1.fastq.gz,hBFA2-02M_NaCl-R1-Time8,CGATGT,63,TATATACGC,49.0
hBFA2_s_hBFA2-02M_NaCl-R2-Time16_R1.fastq.gz,hBFA2-02M_NaCl-R2-Time16,CGATGT,63,CTGCTACTC,49.0
hBFA2_s_hBFA2-02M_NaCl-R2-Time24_R1.fastq.gz,hBFA2-02M_NaCl-R2-Time24,CGATGT,63,GCGTACGCA,49.0
hBFA2_s_hBFA2-02M_NaCl-R2-Time32_R1.fastq.gz,hBFA2-02M_NaCl-R2-Time32,ACAGTG,63,TATATACGC,49.0
hBFA2_s_hBFA2-02M_NaCl-R2-Time40_R1.fastq.gz,hBFA2-02M_NaCl-R2-Time40,ACAGTG,63,CGCTCTATC,49.0
hBFA2_s_hBFA2-02M_NaCl-R2-Time8_R1.fastq.gz,hBFA2-02M_NaCl-R2-Time8,CGATGT,63,TGAGCTAGC,49.0
hBFA2_s_hBFA2-02M_NaCl-R3-Time16_R1.fastq.gz,hBFA2-02M_NaCl-R3-Time16,ACAGTG,63,ATACTGCGT,49.0
hBFA2_s_hBFA2-02M_NaCl-R3-Time24_R1.fastq.gz,hBFA2-02M_NaCl-R3-Time24,ACAGTG,63,ACTAGCAGA,49.0
hBFA2_s_hBFA2-02M_NaCl-R3-Time32_R1.fastq.gz,hBFA2-02M_NaCl-R3-Time32,ACAGTG,63,TGAGCTAGC,49.0
hBFA2_s_hBFA2-02M_NaCl-R3-Time40_R1.fastq.gz,hBFA2-02M_NaCl-R3-Time40,ACAGTG,63,CTGCTACTC,49.0
hBFA2_s_hBFA2-02M_NaCl-R3-Time8_R1.fastq.gz,hBFA2-02M_NaCl-R3-Time8,ACAGTG,63,GAGACGTCT,49.0
hBFA2_s_hBFA2-08M_NaCl-R1-Time16_R1.fastq.gz,hBFA2-08M_NaCl-R1-Time16,TGACCA,63,CGCTCTATC,49.0
hBFA2_s_hBFA2-08M_NaCl-R1-Time24_R1.fastq.gz,hBFA2-08M_NaCl-R1-Time24,TGACCA,63,GAGACGTCT,49.0
hBFA2_s_hBFA2-08M_NaCl-R1-Time32_R1.fastq.gz,hBFA2-08M_NaCl-R1-Time32,TGACCA,63,ATACTGCGT,49.0
hBFA2_s_hBFA2-08M_NaCl-R1-Time40_R1.fastq.gz,hBFA2-08M_NaCl-R1-Time40,TGACCA,63,ACTAGCAGA,49.0
hBFA2_s_hBFA2-08M_NaCl-R1-Time8_R1.fastq.gz,hBFA2-08M_NaCl-R1-Time8,TGACCA,63,TATATACGC,49.0
hBFA2_s_hBFA2-08M_NaCl-R2-Time16_R1.fastq.gz,hBFA2-08M_NaCl-R2-Time16,TGACCA,63,CTGCTACTC,49.0
hBFA2_s_hBFA2-08M_NaCl-R2-Time24_R1.fastq.gz,hBFA2-08M_NaCl-R2-Time24,TGACCA,63,GCGTACGCA,49.0
hBFA2_s_hBFA2-08M_NaCl-R2-Time32_R1.fastq.gz,hBFA2-08M_NaCl-R2-Time32,GCCAAT,63,TATATACGC,49.0
hBFA2_s_hBFA2-08M_NaCl-R2-Time40_R1.fastq.gz,hBFA2-08M_NaCl-R2-Time40,GCCAAT,63,CGCTCTATC,49.0
hBFA2_s_hBFA2-08M_NaCl-R2-Time8_R1.fastq.gz,hBFA2-08M_NaCl-R2-Time8,TGACCA,63,TGAGCTAGC,49.0
hBFA2_s_hBFA2-08M_NaCl-R3-Time16_R1.fastq.gz,hBFA2-08M_NaCl-R3-Time16,GCCAAT,63,ATACTGCGT,49.0
hBFA2_s_hBFA2-08M_NaCl-R3-Time24_R1.fastq.gz,hBFA2-08M_NaCl-R3-Time24,GCCAAT,63,ACTAGCAGA,49.0
hBFA2_s_hBFA2-08M_NaCl-R3-Time32_R1.fastq.gz,hBFA2-08M_NaCl-R3-Time32,GCCAAT,63,TGAGCTAGC,49.0
hBFA2_s_hBFA2-08M_NaCl-R3-Time40_R1.fastq.gz,hBFA2-08M_NaCl-R3-Time40,GCCAAT,63,CTGCTACTC,49.0
hBFA2_s_hBFA2-08M_NaCl-R3-Time8_R1.fastq.gz,hBFA2-08M_NaCl-R3-Time8,GCCAAT,63,GAGACGTCT,49.0
hBFA2_s_hBFA2-21C-R1-Time16_R1.fastq.gz,hBFA2-21C-R1-Time16,ATCACG,63,CGCTCTATC,49.0
hBFA2_s_hBFA2-21C-R1-Time24_R1.fastq.gz,hBFA2-21C-R1-Time24,ATCACG,63,GAGACGTCT,49.0
hBFA2_s_hBFA2-21C-R1-Time32_R1.fastq.gz,hBFA2-21C-R1-Time32,ATCACG,63,ATACTGCGT,49.0
hBFA2_s_hBFA2-21C-R1-Time40_R1.fastq.gz,hBFA2-21C-R1-Time40,ATCACG,63,ACTAGCAGA,49.0
hBFA2_s_hBFA2-21C-R1-Time8_R1.fastq.gz,hBFA2-21C-R1-Time8,ATCACG,63,TATATACGC,49.0
hBFA2_s_hBFA2-21C-R2-Time16_R1.fastq.gz,hBFA2-21C-R2-Time16,ATCACG,63,CTGCTACTC,49.0
hBFA2_s_hBFA2-21C-R2-Time24_R1.fastq.gz,hBFA2-21C-R2-Time24,ATCACG,63,GCGTACGCA,49.0
hBFA2_s_hBFA2-21C-R2-Time32_R1.fastq.gz,hBFA2-21C-R2-Time32,CAGATC,63,TATATACGC,49.0
hBFA2_s_hBFA2-21C-R2-Time40_R1.fastq.gz,hBFA2-21C-R2-Time40,CAGATC,63,CGCTCTATC,49.0
hBFA2_s_hBFA2-21C-R2-Time8_R1.fastq.gz,hBFA2-21C-R2-Time8,ATCACG,63,TGAGCTAGC,49.0
hBFA2_s_hBFA2-21C-R3-Time16_R1.fastq.gz,hBFA2-21C-R3-Time16,CAGATC,63,ATACTGCGT,49.0
hBFA2_s_hBFA2-21C-R3-Time24_R1.fastq.gz,hBFA2-21C-R3-Time24,CAGATC,63,ACTAGCAGA,49.0
hBFA2_s_hBFA2-21C-R3-Time32_R1.fastq.gz,hBFA2-21C-R3-Time32,CAGATC,63,TGAGCTAGC,49.0
hBFA2_s_hBFA2-21C-R3-Time40_R1.fastq.gz,hBFA2-21C-R3-Time40,CAGATC,63,CTGCTACTC,49.0
hBFA2_s_hBFA2-21C-R3-Time8_R1.fastq.gz,hBFA2-21C-R3-Time8,CAGATC,63,GAGACGTCT,49.0
hBFA2_s_hBFA2-All-R-0_R1.fastq.gz,hBFA2-All-R-0,ACAGTG,63,GCGTACGCA,49.0
hBFA2_s_hBFA2-CLM-R1-Time16_R1.fastq.gz,hBFA2-CLM-R1-Time16,TTAGGC,63,CGCTCTATC,49.0
hBFA2_s_hBFA2-CLM-R1-Time24_R1.fastq.gz,hBFA2-CLM-R1-Time24,TTAGGC,63,GAGACGTCT,49.0
hBFA2_s_hBFA2-CLM-R1-Time32_R1.fastq.gz,hBFA2-CLM-R1-Time32,TTAGGC,63,ATACTGCGT,49.0
hBFA2_s_hBFA2-CLM-R1-Time40_R1.fastq.gz,hBFA2-CLM-R1-Time40,TTAGGC,63,ACTAGCAGA,49.0
hBFA2_s_hBFA2-CLM-R1-Time8_R1.fastq.gz,hBFA2-CLM-R1-Time8,TTAGGC,63,TATATACGC,49.0
hBFA2_s_hBFA2-CLM-R2-Time16_R1.fastq.gz,hBFA2-CLM-R2-Time16,TTAGGC,63,CTGCTACTC,49.0
hBFA2_s_hBFA2-CLM-R2-Time24_R1.fastq.gz,hBFA2-CLM-R2-Time24,TTAGGC,63,GCGTACGCA,49.0
hBFA2_s_hBFA2-CLM-R2-Time32_R1.fastq.gz,hBFA2-CLM-R2-Time32,ACTTGA,63,TATATACGC,49.0
hBFA2_s_hBFA2-CLM-R2-Time40_R1.fastq.gz,hBFA2-CLM-R2-Time40,ACTTGA,63,CGCTCTATC,49.0
hBFA2_s_hBFA2-CLM-R2-Time8_R1.fastq.gz,hBFA2-CLM-R2-Time8,TTAGGC,63,TGAGCTAGC,49.0
hBFA2_s_hBFA2-CLM-R3-Time16_R1.fastq.gz,hBFA2-CLM-R3-Time16,ACTTGA,63,ATACTGCGT,49.0
hBFA2_s_hBFA2-CLM-R3-Time24_R1.fastq.gz,hBFA2-CLM-R3-Time24,ACTTGA,63,ACTAGCAGA,49.0
hBFA2_s_hBFA2-CLM-R3-Time32_R1.fastq.gz,hBFA2-CLM-R3-Time32,ACTTGA,63,TGAGCTAGC,49.0
hBFA2_s_hBFA2-CLM-R3-Time40_R1.fastq.gz,hBFA2-CLM-R3-Time40,ACTTGA,63,CTGCTACTC,49.0
hBFA2_s_hBFA2-CLM-R3-Time8_R1.fastq.gz,hBFA2-CLM-R3-Time8,ACTTGA,63,GAGACGTCT,49.0
hBFA2_s_hBFA2-FLC4-R1-Time16_R1.fastq.gz,hBFA2-FLC4-R1-Time16,GGCTAC,63,CGCTCTATC,49.0
hBFA2_s_hBFA2-FLC4-R1-Time24_R1.fastq.gz,hBFA2-FLC4-R1-Time24,GGCTAC,63,GAGACGTCT,49.0
hBFA2_s_hBFA2-FLC4-R1-Time32_R1.fastq.gz,hBFA2-FLC4-R1-Time32,GGCTAC,63,ATACTGCGT,49.0
hBFA2_s_hBFA2-FLC4-R1-Time40_R1.fastq.gz,hBFA2-FLC4-R1-Time40,GGCTAC,63,ACTAGCAGA,49.0
hBFA2_s_hBFA2-FLC4-R1-Time8_R1.fastq.gz,hBFA2-FLC4-R1-Time8,GGCTAC,63,TATATACGC,49.0
hBFA2_s_hBFA2-FLC4-R2-Time16_R1.fastq.gz,hBFA2-FLC4-R2-Time16,GGCTAC,63,CTGCTACTC,49.0
hBFA2_s_hBFA2-FLC4-R2-Time24_R1.fastq.gz,hBFA2-FLC4-R2-Time24,GGCTAC,63,GCGTACGCA,49.0
hBFA2_s_hBFA2-FLC4-R2-Time32_R1.fastq.gz,hBFA2-FLC4-R2-Time32,TAGCTT,63,TATATACGC,49.0
hBFA2_s_hBFA2-FLC4-R2-Time40_R1.fastq.gz,hBFA2-FLC4-R2-Time40,TAGCTT,63,CGCTCTATC,49.0
hBFA2_s_hBFA2-FLC4-R2-Time8_R1.fastq.gz,hBFA2-FLC4-R2-Time8,GGCTAC,63,TGAGCTAGC,49.0
hBFA2_s_hBFA2-FLC4-R3-Time16_R1.fastq.gz,hBFA2-FLC4-R3-Time16,TAGCTT,63,ATACTGCGT,49.0
hBFA2_s_hBFA2-FLC4-R3-Time24_R1.fastq.gz,hBFA2-FLC4-R3-Time24,TAGCTT,63,ACTAGCAGA,49.0
hBFA2_s_hBFA2-FLC4-R3-Time32_R1.fastq.gz,hBFA2-FLC4-R3-Time32,TAGCTT,63,TGAGCTAGC,49.0
hBFA2_s_hBFA2-FLC4-R3-Time40_R1.fastq.gz,hBFA2-FLC4-R3-Time40,TAGCTT,63,CTGCTACTC,49.0
hBFA2_s_hBFA2-FLC4-R3-Time8_R1.fastq.gz,hBFA2-FLC4-R3-Time8,TAGCTT,63,GAGACGTCT,49.0
hBFA2_s_hBFA2-GlyEtOH-R1-Time16_R1.fastq.gz,hBFA2-GlyEtOH-R1-Time16,GATCAG,63,CGCTCTATC,49.0
hBFA2_s_hBFA2-GlyEtOH-R1-Time24_R1.fastq.gz,hBFA2-GlyEtOH-R1-Time24,GATCAG,63,GAGACGTCT,49.0
hBFA2_s_hBFA2-GlyEtOH-R1-Time32_R1.fastq.gz,hBFA2-GlyEtOH-R1-Time32,GATCAG,63,ATACTGCGT,49.0
hBFA2_s_hBFA2-GlyEtOH-R1-Time40_R1.fastq.gz,hBFA2-GlyEtOH-R1-Time40,GATCAG,63,ACTAGCAGA,49.0
hBFA2_s_hBFA2-GlyEtOH-R1-Time8_R1.fastq.gz,hBFA2-GlyEtOH-R1-Time8,GATCAG,63,TATATACGC,49.0
hBFA2_s_hBFA2-GlyEtOH-R2-Time16_R1.fastq.gz,hBFA2-GlyEtOH-R2-Time16,GATCAG,63,CTGCTACTC,49.0
hBFA2_s_hBFA2-GlyEtOH-R2-Time24_R1.fastq.gz,hBFA2-GlyEtOH-R2-Time24,GATCAG,63,GCGTACGCA,49.0
hBFA2_s_hBFA2-GlyEtOH-R2-Time32_R1.fastq.gz,hBFA2-GlyEtOH-R2-Time32,CTTGTA,63,TATATACGC,49.0
hBFA2_s_hBFA2-GlyEtOH-R2-Time40_R1.fastq.gz,hBFA2-GlyEtOH-R2-Time40,CTTGTA,63,CGCTCTATC,49.0
hBFA2_s_hBFA2-GlyEtOH-R2-Time8_R1.fastq.gz,hBFA2-GlyEtOH-R2-Time8,GATCAG,63,TGAGCTAGC,49.0
hBFA2_s_hBFA2-GlyEtOH-R3-Time16_R1.fastq.gz,hBFA2-GlyEtOH-R3-Time16,CTTGTA,63,ATACTGCGT,49.0
hBFA2_s_hBFA2-GlyEtOH-R3-Time24_R1.fastq.gz,hBFA2-GlyEtOH-R3-Time24,CTTGTA,63,ACTAGCAGA,49.0
hBFA2_s_hBFA2-GlyEtOH-R3-Time32_R1.fastq.gz,hBFA2-GlyEtOH-R3-Time32,CTTGTA,63,TGAGCTAGC,49.0
hBFA2_s_hBFA2-GlyEtOH-R3-Time40_R1.fastq.gz,hBFA2-GlyEtOH-R3-Time40,CTTGTA,63,CTGCTACTC,49.0
hBFA2_s_hBFA2-GlyEtOH-R3-Time8_R1.fastq.gz,hBFA2-GlyEtOH-R3-Time8,CTTGTA,63,GAGACGTCT,49.0
hBFA2-YPD_alpha-R1-Subpool_S20_R1_001.fastq.gz,hBFA2-YPD_alpha-R1-Subpool,GACTTCTC,41,,
Stanford_hap_LT_02M_NaCl_alpha-R1-Time0_R1.fastq.gz,02M_NaCl_alpha-R1-Time0,CGATGT,63,TATATACGC,49.0
Stanford_hap_LT_02M_NaCl_alpha-R1-Time104_R1.fastq.gz,02M_NaCl_alpha-R1-Time104,ATCACG,63,TATATACGC,49.0
Stanford_hap_LT_02M_NaCl_alpha-R1-Time120_R1.fastq.gz,02M_NaCl_alpha-R1-Time120,CAGATC,63,TATATACGC,49.0
Stanford_hap_LT_02M_NaCl_alpha-R1-Time136_R1.fastq.gz,02M_NaCl_alpha-R1-Time136,GGCTAC,63,TATATACGC,49.0
Stanford_hap_LT_02M_NaCl_alpha-R1-Time160_R1.fastq.gz,02M_NaCl_alpha-R1-Time160,TAGCTT,63,TATATACGC,49.0
Stanford_hap_LT_02M_NaCl_alpha-R1-Time192_R1.fastq.gz,02M_NaCl_alpha-R1-Time192,TTAGGC,63,TATATACGC,49.0
Stanford_hap_LT_02M_NaCl_alpha-R1-Time240_R1.fastq.gz,02M_NaCl_alpha-R1-Time240,ACTTGA,63,TATATACGC,49.0
Stanford_hap_LT_02M_NaCl_alpha-R1-Time72_R1.fastq.gz,02M_NaCl_alpha-R1-Time72,TGACCA,63,TATATACGC,49.0
Stanford_hap_LT_02M_NaCl_alpha-R1-Time88_R1.fastq.gz,02M_NaCl_alpha-R1-Time88,GCCAAT,63,TATATACGC,49.0
Stanford_hap_LT_02M_NaCl_alpha-R1-Time8_R1.fastq.gz,02M_NaCl_alpha-R1-Time8,ACAGTG,63,TATATACGC,49.0
Stanford_hap_LT_08M_NaCl_alpha-R1-Time0_R1.fastq.gz,08M_NaCl_alpha-R1-Time0,CGATGT,63,CGCTCTATC,49.0
Stanford_hap_LT_08M_NaCl_alpha-R1-Time104_R1.fastq.gz,08M_NaCl_alpha-R1-Time104,ATCACG,63,CGCTCTATC,49.0
Stanford_hap_LT_08M_NaCl_alpha-R1-Time120_R1.fastq.gz,08M_NaCl_alpha-R1-Time120,CAGATC,63,CGCTCTATC,49.0
Stanford_hap_LT_08M_NaCl_alpha-R1-Time136_R1.fastq.gz,08M_NaCl_alpha-R1-Time136,GGCTAC,63,CGCTCTATC,49.0
Stanford_hap_LT_08M_NaCl_alpha-R1-Time160_R1.fastq.gz,08M_NaCl_alpha-R1-Time160,TAGCTT,63,CGCTCTATC,49.0
Stanford_hap_LT_08M_NaCl_alpha-R1-Time192_R1.fastq.gz,08M_NaCl_alpha-R1-Time192,TTAGGC,63,CGCTCTATC,49.0
Stanford_hap_LT_08M_NaCl_alpha-R1-Time240_R1.fastq.gz,08M_NaCl_alpha-R1-Time240,ACTTGA,63,CGCTCTATC,49.0
Stanford_hap_LT_08M_NaCl_alpha-R1-Time72_R1.fastq.gz,08M_NaCl_alpha-R1-Time72,TGACCA,63,CGCTCTATC,49.0
Stanford_hap_LT_08M_NaCl_alpha-R1-Time88_R1.fastq.gz,08M_NaCl_alpha-R1-Time88,GCCAAT,63,CGCTCTATC,49.0
Stanford_hap_LT_08M_NaCl_alpha-R1-Time8_R1.fastq.gz,08M_NaCl_alpha-R1-Time8,ACAGTG,63,CGCTCTATC,49.0
Stanford_hap_LT_21C_alpha-R1-Time0_R1.fastq.gz,21C_alpha-R1-Time0,CGATGT,63,GAGACGTCT,49.0
Stanford_hap_LT_21C_alpha-R1-Time104_R1.fastq.gz,21C_alpha-R1-Time104,ATCACG,63,GAGACGTCT,49.0
Stanford_hap_LT_21C_alpha-R1-Time120_R1.fastq.gz,21C_alpha-R1-Time120,CAGATC,63,GAGACGTCT,49.0
Stanford_hap_LT_21C_alpha-R1-Time136_R1.fastq.gz,21C_alpha-R1-Time136,GGCTAC,63,GAGACGTCT,49.0
Stanford_hap_LT_21C_alpha-R1-Time160_R1.fastq.gz,21C_alpha-R1-Time160,TAGCTT,63,GAGACGTCT,49.0
Stanford_hap_LT_21C_alpha-R1-Time192_R1.fastq.gz,21C_alpha-R1-Time192,TTAGGC,63,GAGACGTCT,49.0
Stanford_hap_LT_21C_alpha-R1-Time240_R1.fastq.gz,21C_alpha-R1-Time240,ACTTGA,63,GAGACGTCT,49.0
Stanford_hap_LT_21C_alpha-R1-Time72_R1.fastq.gz,21C_alpha-R1-Time72,TGACCA,63,GAGACGTCT,49.0
Stanford_hap_LT_21C_alpha-R1-Time88_R1.fastq.gz,21C_alpha-R1-Time88,GCCAAT,63,GAGACGTCT,49.0
Stanford_hap_LT_21C_alpha-R1-Time8_R1.fastq.gz,21C_alpha-R1-Time8,ACAGTG,63,GAGACGTCT,49.0
Stanford_hap_LT_CLM_alpha-R1-Time0_R1.fastq.gz,CLM_alpha-R1-Time0,CGATGT,63,ATACTGCGT,49.0
Stanford_hap_LT_CLM_alpha-R1-Time104_R1.fastq.gz,CLM_alpha-R1-Time104,ATCACG,63,ATACTGCGT,49.0
Stanford_hap_LT_CLM_alpha-R1-Time120_R1.fastq.gz,CLM_alpha-R1-Time120,CAGATC,63,ATACTGCGT,49.0
Stanford_hap_LT_CLM_alpha-R1-Time136_R1.fastq.gz,CLM_alpha-R1-Time136,GGCTAC,63,ATACTGCGT,49.0
Stanford_hap_LT_CLM_alpha-R1-Time160_R1.fastq.gz,CLM_alpha-R1-Time160,TAGCTT,63,ATACTGCGT,49.0
Stanford_hap_LT_CLM_alpha-R1-Time192_R1.fastq.gz,CLM_alpha-R1-Time192,TTAGGC,63,ATACTGCGT,49.0
Stanford_hap_LT_CLM_alpha-R1-Time240_R1.fastq.gz,CLM_alpha-R1-Time240,ACTTGA,63,ATACTGCGT,49.0
Stanford_hap_LT_CLM_alpha-R1-Time72_R1.fastq.gz,CLM_alpha-R1-Time72,TGACCA,63,ATACTGCGT,49.0
Stanford_hap_LT_CLM_alpha-R1-Time88_R1.fastq.gz,CLM_alpha-R1-Time88,GCCAAT,63,ATACTGCGT,49.0
Stanford_hap_LT_CLM_alpha-R1-Time8_R1.fastq.gz,CLM_alpha-R1-Time8,ACAGTG,63,ATACTGCGT,49.0
Stanford_hap_LT_FLC32_alpha-R1-Time0_R1.fastq.gz,FLC32_alpha-R1-Time0,CGATGT,63,CTGCTACTC,49.0
Stanford_hap_LT_FLC32_alpha-R1-Time104_R1.fastq.gz,FLC32_alpha-R1-Time104,ATCACG,63,CTGCTACTC,49.0
Stanford_hap_LT_FLC32_alpha-R1-Time120_R1.fastq.gz,FLC32_alpha-R1-Time120,CAGATC,63,CTGCTACTC,49.0
Stanford_hap_LT_FLC32_alpha-R1-Time136_R1.fastq.gz,FLC32_alpha-R1-Time136,GGCTAC,63,CTGCTACTC,49.0
Stanford_hap_LT_FLC32_alpha-R1-Time160_R1.fastq.gz,FLC32_alpha-R1-Time160,TAGCTT,63,CTGCTACTC,49.0
Stanford_hap_LT_FLC32_alpha-R1-Time192_R1.fastq.gz,FLC32_alpha-R1-Time192,TTAGGC,63,CTGCTACTC,49.0
Stanford_hap_LT_FLC32_alpha-R1-Time240_R1.fastq.gz,FLC32_alpha-R1-Time240,ACTTGA,63,CTGCTACTC,49.0
Stanford_hap_LT_FLC32_alpha-R1-Time72_R1.fastq.gz,FLC32_alpha-R1-Time72,TGACCA,63,CTGCTACTC,49.0
Stanford_hap_LT_FLC32_alpha-R1-Time88_R1.fastq.gz,FLC32_alpha-R1-Time88,GCCAAT,63,CTGCTACTC,49.0
Stanford_hap_LT_FLC32_alpha-R1-Time8_R1.fastq.gz,FLC32_alpha-R1-Time8,ACAGTG,63,CTGCTACTC,49.0
Stanford_hap_LT_FLC4_alpha-R1-Time0_R1.fastq.gz,FLC4_alpha-R1-Time0,CGATGT,63,ACTAGCAGA,49.0
Stanford_hap_LT_FLC4_alpha-R1-Time104_R1.fastq.gz,FLC4_alpha-R1-Time104,ATCACG,63,ACTAGCAGA,49.0
Stanford_hap_LT_FLC4_alpha-R1-Time120_R1.fastq.gz,FLC4_alpha-R1-Time120,CAGATC,63,ACTAGCAGA,49.0
Stanford_hap_LT_FLC4_alpha-R1-Time136_R1.fastq.gz,FLC4_alpha-R1-Time136,GGCTAC,63,ACTAGCAGA,49.0
Stanford_hap_LT_FLC4_alpha-R1-Time160_R1.fastq.gz,FLC4_alpha-R1-Time160,TAGCTT,63,ACTAGCAGA,49.0
Stanford_hap_LT_FLC4_alpha-R1-Time192_R1.fastq.gz,FLC4_alpha-R1-Time192,TTAGGC,63,ACTAGCAGA,49.0
Stanford_hap_LT_FLC4_alpha-R1-Time240_R1.fastq.gz,FLC4_alpha-R1-Time240,ACTTGA,63,ACTAGCAGA,49.0
Stanford_hap_LT_FLC4_alpha-R1-Time72_R1.fastq.gz,FLC4_alpha-R1-Time72,TGACCA,63,ACTAGCAGA,49.0
Stanford_hap_LT_FLC4_alpha-R1-Time88_R1.fastq.gz,FLC4_alpha-R1-Time88,GCCAAT,63,ACTAGCAGA,49.0
Stanford_hap_LT_FLC4_alpha-R1-Time8_R1.fastq.gz,FLC4_alpha-R1-Time8,ACAGTG,63,ACTAGCAGA,49.0
Stanford_hap_LT_GlyEtOH_alpha-R1-Time0_R1.fastq.gz,GlyEtOH_alpha-R1-Time0,CGATGT,63,TGAGCTAGC,49.0
Stanford_hap_LT_GlyEtOH_alpha-R1-Time104_R1.fastq.gz,GlyEtOH_alpha-R1-Time104,ATCACG,63,TGAGCTAGC,49.0
Stanford_hap_LT_GlyEtOH_alpha-R1-Time120_R1.fastq.gz,GlyEtOH_alpha-R1-Time120,CAGATC,63,TGAGCTAGC,49.0
Stanford_hap_LT_GlyEtOH_alpha-R1-Time136_R1.fastq.gz,GlyEtOH_alpha-R1-Time136,GGCTAC,63,TGAGCTAGC,49.0
Stanford_hap_LT_GlyEtOH_alpha-R1-Time160_R1.fastq.gz,GlyEtOH_alpha-R1-Time160,TAGCTT,63,TGAGCTAGC,49.0
Stanford_hap_LT_GlyEtOH_alpha-R1-Time192_R1.fastq.gz,GlyEtOH_alpha-R1-Time192,TTAGGC,63,TGAGCTAGC,49.0
Stanford_hap_LT_GlyEtOH_alpha-R1-Time240_R1.fastq.gz,GlyEtOH_alpha-R1-Time240,ACTTGA,63,TGAGCTAGC,49.0
Stanford_hap_LT_GlyEtOH_alpha-R1-Time72_R1.fastq.gz,GlyEtOH_alpha-R1-Time72,TGACCA,63,TGAGCTAGC,49.0
Stanford_hap_LT_GlyEtOH_alpha-R1-Time88_R1.fastq.gz,GlyEtOH_alpha-R1-Time88,GCCAAT,63,TGAGCTAGC,49.0
Stanford_hap_LT_GlyEtOH_alpha-R1-Time8_R1.fastq.gz,GlyEtOH_alpha-R1-Time8,ACAGTG,63,TGAGCTAGC,49.0
Stanford_hap_LT_M3_alpha-R1-Time0_R1.fastq.gz,M3_alpha-R1-Time0,CGATGT,63,GCGTACGCA,49.0
Stanford_hap_LT_M3_alpha-R1-Time104_R1.fastq.gz,M3_alpha-R1-Time104,ATCACG,63,GCGTACGCA,49.0
Stanford_hap_LT_M3_alpha-R1-Time120_R1.fastq.gz,M3_alpha-R1-Time120,CAGATC,63,GCGTACGCA,49.0
Stanford_hap_LT_M3_alpha-R1-Time136_R1.fastq.gz,M3_alpha-R1-Time136,GGCTAC,63,GCGTACGCA,49.0
Stanford_hap_LT_M3_alpha-R1-Time160_R1.fastq.gz,M3_alpha-R1-Time160,TAGCTT,63,GCGTACGCA,49.0
Stanford_hap_LT_M3_alpha-R1-Time192_R1.fastq.gz,M3_alpha-R1-Time192,TTAGGC,63,GCGTACGCA,49.0
Stanford_hap_LT_M3_alpha-R1-Time240_R1.fastq.gz,M3_alpha-R1-Time240,ACTTGA,63,GCGTACGCA,49.0
Stanford_hap_LT_M3_alpha-R1-Time72_R1.fastq.gz,M3_alpha-R1-Time72,TGACCA,63,GCGTACGCA,49.0
Stanford_hap_LT_M3_alpha-R1-Time88_R1.fastq.gz,M3_alpha-R1-Time88,GCCAAT,63,GCGTACGCA,49.0
Stanford_hap_LT_M3_alpha-R1-Time8_R1.fastq.gz,M3_alpha-R1-Time8,ACAGTG,63,GCGTACGCA,49.0
Stanford_high_LT_02M_NaCl_2N-R1-Time0_R1.fastq.gz,02M_NaCl_2N-R1-Time0,CGATGT,63,TATATACGC,49.0
Stanford_high_LT_02M_NaCl_2N-R1-Time104_R1.fastq.gz,02M_NaCl_2N-R1-Time104,CGATGT,63,GCGTACGCA,49.0
Stanford_high_LT_02M_NaCl_2N-R1-Time112_R1.fastq.gz,02M_NaCl_2N-R1-Time112,ACAGTG,63,TATATACGC,49.0
Stanford_high_LT_02M_NaCl_2N-R1-Time128_R1.fastq.gz,02M_NaCl_2N-R1-Time128,ACAGTG,63,CGCTCTATC,49.0
Stanford_high_LT_02M_NaCl_2N-R1-Time144_R1.fastq.gz,02M_NaCl_2N-R1-Time144,ACAGTG,63,GAGACGTCT,49.0
Stanford_high_LT_02M_NaCl_2N-R1-Time160_R1.fastq.gz,02M_NaCl_2N-R1-Time160,ACAGTG,63,ATACTGCGT,49.0
Stanford_high_LT_02M_NaCl_2N-R1-Time176_R1.fastq.gz,02M_NaCl_2N-R1-Time176,ACAGTG,63,ACTAGCAGA,49.0
Stanford_high_LT_02M_NaCl_2N-R1-Time192_R1.fastq.gz,02M_NaCl_2N-R1-Time192,ACAGTG,63,TGAGCTAGC,49.0
Stanford_high_LT_02M_NaCl_2N-R1-Time216_R1.fastq.gz,02M_NaCl_2N-R1-Time216,ACAGTG,63,CTGCTACTC,49.0
Stanford_high_LT_02M_NaCl_2N-R1-Time240_R1.fastq.gz,02M_NaCl_2N-R1-Time240,ACAGTG,63,GCGTACGCA,49.0
Stanford_high_LT_02M_NaCl_2N-R1-Time64_R1.fastq.gz,02M_NaCl_2N-R1-Time64,CGATGT,63,GAGACGTCT,49.0
Stanford_high_LT_02M_NaCl_2N-R1-Time72_R1.fastq.gz,02M_NaCl_2N-R1-Time72,CGATGT,63,ATACTGCGT,49.0
Stanford_high_LT_02M_NaCl_2N-R1-Time80_R1.fastq.gz,02M_NaCl_2N-R1-Time80,CGATGT,63,ACTAGCAGA,49.0
Stanford_high_LT_02M_NaCl_2N-R1-Time88_R1.fastq.gz,02M_NaCl_2N-R1-Time88,CGATGT,63,TGAGCTAGC,49.0
Stanford_high_LT_02M_NaCl_2N-R1-Time8_R1.fastq.gz,02M_NaCl_2N-R1-Time8,CGATGT,63,CGCTCTATC,49.0
Stanford_high_LT_02M_NaCl_2N-R1-Time96_R1.fastq.gz,02M_NaCl_2N-R1-Time96,CGATGT,63,CTGCTACTC,49.0
Stanford_high_LT_21C_2N-R1-Time0_R1.fastq.gz,21C_2N-R1-Time0,TGACCA,63,TATATACGC,49.0
Stanford_high_LT_21C_2N-R1-Time104_R1.fastq.gz,21C_2N-R1-Time104,TGACCA,63,GCGTACGCA,49.0
Stanford_high_LT_21C_2N-R1-Time112_R1.fastq.gz,21C_2N-R1-Time112,GCCAAT,63,TATATACGC,49.0
Stanford_high_LT_21C_2N-R1-Time128_R1.fastq.gz,21C_2N-R1-Time128,GCCAAT,63,CGCTCTATC,49.0
Stanford_high_LT_21C_2N-R1-Time144_R1.fastq.gz,21C_2N-R1-Time144,GCCAAT,63,GAGACGTCT,49.0
Stanford_high_LT_21C_2N-R1-Time160_R1.fastq.gz,21C_2N-R1-Time160,GCCAAT,63,ATACTGCGT,49.0
Stanford_high_LT_21C_2N-R1-Time176_R1.fastq.gz,21C_2N-R1-Time176,GCCAAT,63,ACTAGCAGA,49.0
Stanford_high_LT_21C_2N-R1-Time192_R1.fastq.gz,21C_2N-R1-Time192,GCCAAT,63,TGAGCTAGC,49.0
Stanford_high_LT_21C_2N-R1-Time216_R1.fastq.gz,21C_2N-R1-Time216,GCCAAT,63,CTGCTACTC,49.0
Stanford_high_LT_21C_2N-R1-Time240_R1.fastq.gz,21C_2N-R1-Time240,GCCAAT,63,GCGTACGCA,49.0
Stanford_high_LT_21C_2N-R1-Time64_R1.fastq.gz,21C_2N-R1-Time64,TGACCA,63,GAGACGTCT,49.0
Stanford_high_LT_21C_2N-R1-Time72_R1.fastq.gz,21C_2N-R1-Time72,TGACCA,63,ATACTGCGT,49.0
Stanford_high_LT_21C_2N-R1-Time80_R1.fastq.gz,21C_2N-R1-Time80,TGACCA,63,ACTAGCAGA,49.0
Stanford_high_LT_21C_2N-R1-Time88_R1.fastq.gz,21C_2N-R1-Time88,TGACCA,63,TGAGCTAGC,49.0
Stanford_high_LT_21C_2N-R1-Time8_R1.fastq.gz,21C_2N-R1-Time8,TGACCA,63,CGCTCTATC,49.0
Stanford_high_LT_21C_2N-R1-Time96_R1.fastq.gz,21C_2N-R1-Time96,TGACCA,63,CTGCTACTC,49.0
Stanford_high_LT_FLC32_2N-R1-Time0_R1.fastq.gz,FLC32_2N-R1-Time0,GGCTAC,63,TATATACGC,49.0
Stanford_high_LT_FLC32_2N-R1-Time104_R1.fastq.gz,FLC32_2N-R1-Time104,GGCTAC,63,GCGTACGCA,49.0
Stanford_high_LT_FLC32_2N-R1-Time112_R1.fastq.gz,FLC32_2N-R1-Time112,TAGCTT,63,TATATACGC,49.0
Stanford_high_LT_FLC32_2N-R1-Time176_R1.fastq.gz,FLC32_2N-R1-Time176,TAGCTT,63,ACTAGCAGA,49.0
Stanford_high_LT_FLC32_2N-R1-Time192_R1.fastq.gz,FLC32_2N-R1-Time192,TAGCTT,63,TGAGCTAGC,49.0
Stanford_high_LT_FLC32_2N-R1-Time64_R1.fastq.gz,FLC32_2N-R1-Time64,GGCTAC,63,GAGACGTCT,49.0
Stanford_high_LT_FLC32_2N-R1-Time72_R1.fastq.gz,FLC32_2N-R1-Time72,GGCTAC,63,ATACTGCGT,49.0
Stanford_high_LT_FLC32_2N-R1-Time80_R1.fastq.gz,FLC32_2N-R1-Time80,GGCTAC,63,ACTAGCAGA,49.0
Stanford_high_LT_FLC32_2N-R1-Time88_R1.fastq.gz,FLC32_2N-R1-Time88,GGCTAC,63,TGAGCTAGC,49.0
Stanford_high_LT_FLC32_2N-R1-Time8_R1.fastq.gz,FLC32_2N-R1-Time8,GGCTAC,63,CGCTCTATC,49.0
Stanford_high_LT_FLC32_2N-R1-Time96_R1.fastq.gz,FLC32_2N-R1-Time96,GGCTAC,63,CTGCTACTC,49.0
Stanford_high_LT_FLC4_2N-R1-Time120_R1.fastq.gz,FLC4_2N-R1-Time120,GATCAG,63,CGCTCTATC,49.0
Stanford_high_LT_FLC4_2N-R1-Time136_R1.fastq.gz,FLC4_2N-R1-Time136,CTTGTA,63,GAGACGTCT,49.0
Stanford_high_LT_FLC4_2N-R1-Time152_R1.fastq.gz,FLC4_2N-R1-Time152,CTTGTA,63,ATACTGCGT,49.0
Stanford_high_LT_FLC4_2N-R1-Time176_R1.fastq.gz,FLC4_2N-R1-Time176,CAGATC,63,ACTAGCAGA,49.0
Stanford_high_LT_FLC4_2N-R1-Time216_R1.fastq.gz,FLC4_2N-R1-Time216,CAGATC,63,CTGCTACTC,49.0
Stanford_high_LT_FLC4_2N-R1-Time64_R1.fastq.gz,FLC4_2N-R1-Time64,ATCACG,63,GAGACGTCT,49.0
Stanford_high_LT_FLC4_2N-R1-Time80_R1.fastq.gz,FLC4_2N-R1-Time80,ATCACG,63,ACTAGCAGA,49.0
Stanford_high_LT_FLC4_2N-R1-Time88_R1.fastq.gz,FLC4_2N-R1-Time88,ATCACG,63,TGAGCTAGC,49.0
Stanford_high_LT_FLC4_2N-R1-Time8_R1.fastq.gz,FLC4_2N-R1-Time8,GATCAG,63,TATATACGC,49.0
Stanford_high_LT_FLC4_2N-R1-Time96_R1.fastq.gz,FLC4_2N-R1-Time96,ATCACG,63,CTGCTACTC,49.0
Stanford_high_LT_M3_2N-R1-Time0_R1.fastq.gz,M3_2N-R1-Time0,TTAGGC,63,TATATACGC,49.0
Stanford_high_LT_M3_2N-R1-Time104_R1.fastq.gz,M3_2N-R1-Time104,TTAGGC,63,GCGTACGCA,49.0
Stanford_high_LT_M3_2N-R1-Time112_R1.fastq.gz,M3_2N-R1-Time112,ACTTGA,63,TATATACGC,49.0
Stanford_high_LT_M3_2N-R1-Time128_R1.fastq.gz,M3_2N-R1-Time128,ACTTGA,63,CGCTCTATC,49.0
Stanford_high_LT_M3_2N-R1-Time144_R1.fastq.gz,M3_2N-R1-Time144,ACTTGA,63,GAGACGTCT,49.0
Stanford_high_LT_M3_2N-R1-Time160_R1.fastq.gz,M3_2N-R1-Time160,ACTTGA,63,ATACTGCGT,49.0
Stanford_high_LT_M3_2N-R1-Time216_R1.fastq.gz,M3_2N-R1-Time216,ACTTGA,63,CTGCTACTC,49.0
Stanford_high_LT_M3_2N-R1-Time96_R1.fastq.gz,M3_2N-R1-Time96,TTAGGC,63,CTGCTACTC,49.0
Stanford_mid_LT_08M_NaCl_2N-R1-Time0_R1.fastq.gz,08M_NaCl_2N-R1-Time0,TGACCA,63,TATATACGC,49.0
Stanford_mid_LT_08M_NaCl_2N-R1-Time16_R1.fastq.gz,08M_NaCl_2N-R1-Time16,TGACCA,63,GAGACGTCT,49.0
Stanford_mid_LT_08M_NaCl_2N-R1-Time24_R1.fastq.gz,08M_NaCl_2N-R1-Time24,TGACCA,63,ATACTGCGT,49.0
Stanford_mid_LT_08M_NaCl_2N-R1-Time32_R1.fastq.gz,08M_NaCl_2N-R1-Time32,TGACCA,63,ACTAGCAGA,49.0
Stanford_mid_LT_08M_NaCl_2N-R1-Time40_R1.fastq.gz,08M_NaCl_2N-R1-Time40,TGACCA,63,TGAGCTAGC,49.0
Stanford_mid_LT_08M_NaCl_2N-R1-Time48_R1.fastq.gz,08M_NaCl_2N-R1-Time48,TGACCA,63,CTGCTACTC,49.0
Stanford_mid_LT_08M_NaCl_2N-R1-Time56_R1.fastq.gz,08M_NaCl_2N-R1-Time56,TGACCA,63,GCGTACGCA,49.0
Stanford_mid_LT_08M_NaCl_2N-R1-Time64_R1.fastq.gz,08M_NaCl_2N-R1-Time64,ACAGTG,63,GCGTACGCA,49.0
Stanford_mid_LT_08M_NaCl_2N-R1-Time8_R1.fastq.gz,08M_NaCl_2N-R1-Time8,TGACCA,63,CGCTCTATC,49.0
Stanford_mid_LT_CLM_2N-R1-Time0_R1.fastq.gz,CLM_2N-R1-Time0,GCCAAT,63,TATATACGC,49.0
Stanford_mid_LT_CLM_2N-R1-Time16_R1.fastq.gz,CLM_2N-R1-Time16,GCCAAT,63,GAGACGTCT,49.0
Stanford_mid_LT_CLM_2N-R1-Time32_R1.fastq.gz,CLM_2N-R1-Time32,GCCAAT,63,ACTAGCAGA,49.0
Stanford_mid_LT_CLM_2N-R1-Time40_R1.fastq.gz,CLM_2N-R1-Time40,GCCAAT,63,TGAGCTAGC,49.0
Stanford_mid_LT_CLM_2N-R1-Time8_R1.fastq.gz,CLM_2N-R1-Time8,GCCAAT,63,CGCTCTATC,49.0
Stanford_mid_LT_GlyEtOH_2N-R1-Time0_R1.fastq.gz,GlyEtOH_2N-R1-Time0,GATCAG,63,TATATACGC,49.0
Stanford_mid_LT_GlyEtOH_2N-R1-Time104_R1.fastq.gz,GlyEtOH_2N-R1-Time104,GATCAG,63,GCGTACGCA,49.0
Stanford_mid_LT_GlyEtOH_2N-R1-Time112_R1.fastq.gz,GlyEtOH_2N-R1-Time112,CTTGTA,63,TATATACGC,49.0
Stanford_mid_LT_GlyEtOH_2N-R1-Time120_R1.fastq.gz,GlyEtOH_2N-R1-Time120,CTTGTA,63,CGCTCTATC,49.0
Stanford_mid_LT_GlyEtOH_2N-R1-Time128_R1.fastq.gz,GlyEtOH_2N-R1-Time128,CTTGTA,63,GAGACGTCT,49.0
Stanford_mid_LT_GlyEtOH_2N-R1-Time136_R1.fastq.gz,GlyEtOH_2N-R1-Time136,CTTGTA,63,ATACTGCGT,49.0
Stanford_mid_LT_GlyEtOH_2N-R1-Time152_R1.fastq.gz,GlyEtOH_2N-R1-Time152,CTTGTA,63,ACTAGCAGA,49.0
Stanford_mid_LT_GlyEtOH_2N-R1-Time168_R1.fastq.gz,GlyEtOH_2N-R1-Time168,CTTGTA,63,TGAGCTAGC,49.0
Stanford_mid_LT_GlyEtOH_2N-R1-Time184_R1.fastq.gz,GlyEtOH_2N-R1-Time184,CTTGTA,63,CTGCTACTC,49.0
Stanford_mid_LT_GlyEtOH_2N-R1-Time200_R1.fastq.gz,GlyEtOH_2N-R1-Time200,CTTGTA,63,GCGTACGCA,49.0
Stanford_mid_LT_GlyEtOH_2N-R1-Time216_R1.fastq.gz,GlyEtOH_2N-R1-Time216,ACAGTG,63,TATATACGC,49.0
Stanford_mid_LT_GlyEtOH_2N-R1-Time240_R1.fastq.gz,GlyEtOH_2N-R1-Time240,ACAGTG,63,CGCTCTATC,49.0
Stanford_mid_LT_GlyEtOH_2N-R1-Time64_R1.fastq.gz,GlyEtOH_2N-R1-Time64,GATCAG,63,GAGACGTCT,49.0
Stanford_mid_LT_GlyEtOH_2N-R1-Time72_R1.fastq.gz,GlyEtOH_2N-R1-Time72,GATCAG,63,ATACTGCGT,49.0
Stanford_mid_LT_GlyEtOH_2N-R1-Time80_R1.fastq.gz,GlyEtOH_2N-R1-Time80,GATCAG,63,ACTAGCAGA,49.0
Stanford_mid_LT_GlyEtOH_2N-R1-Time88_R1.fastq.gz,GlyEtOH_2N-R1-Time88,GATCAG,63,TGAGCTAGC,49.0
Stanford_mid_LT_GlyEtOH_2N-R1-Time96_R1.fastq.gz,GlyEtOH_2N-R1-Time96,GATCAG,63,CTGCTACTC,49.0
Stanford_redos_LT_CLM_2N-R1-Time24_R1.fastq.gz,CLM_2N-R1-Time24,TGACCA,63,CTGCTACTC,49.0
Stanford_redos_LT_CLM_2N-R1-Time48_R1.fastq.gz,CLM_2N-R1-Time48,GCCAAT,63,GAGACGTCT,49.0
Stanford_redos_LT_CLM_2N-R1-Time56_R1.fastq.gz,CLM_2N-R1-Time56,ATCACG,63,TATATACGC,49.0
Stanford_redos_LT_CLM_alpha-R1-Time16_R1.fastq.gz,CLM_alpha-R1-Time16,CAGATC,63,TATATACGC,49.0
Stanford_redos_LT_CLM_alpha-R1-Time24_R1.fastq.gz,CLM_alpha-R1-Time24,GGCTAC,63,CGCTCTATC,49.0
Stanford_redos_LT_CLM_alpha-R1-Time32_R1.fastq.gz,CLM_alpha-R1-Time32,TAGCTT,63,GAGACGTCT,49.0
Stanford_redos_LT_CLM_alpha-R1-Time40_R1.fastq.gz,CLM_alpha-R1-Time40,TTAGGC,63,ATACTGCGT,49.0
Stanford_redos_LT_CLM_alpha-R1-Time48_R1.fastq.gz,CLM_alpha-R1-Time48,ACTTGA,63,ACTAGCAGA,49.0
Stanford_redos_LT_CLM_alpha-R1-Time56_R1.fastq.gz,CLM_alpha-R1-Time56,GATCAG,63,TGAGCTAGC,49.0
Stanford_redos_LT_CLM_alpha-R1-Time64_R1.fastq.gz,CLM_alpha-R1-Time64,CTTGTA,63,CTGCTACTC,49.0
Stanford_redos_LT_FLC4_2N-R1-Time0_R1.fastq.gz,FLC4_2N-R1-Time0,CGATGT,63,TATATACGC,49.0
Stanford_redos_LT_FLC4_2N-R1-Time16_R1.fastq.gz,FLC4_2N-R1-Time16,ACAGTG,63,CGCTCTATC,49.0
Stanford_redos_LT_FLC4_2N-R1-Time24_R1.fastq.gz,FLC4_2N-R1-Time24,TGACCA,63,GAGACGTCT,49.0
Stanford_redos_LT_FLC4_2N-R1-Time32_R1.fastq.gz,FLC4_2N-R1-Time32,GCCAAT,63,ATACTGCGT,49.0
Stanford_redos_LT_FLC4_2N-R1-Time40_R1.fastq.gz,FLC4_2N-R1-Time40,ATCACG,63,ACTAGCAGA,49.0
Stanford_redos_LT_FLC4_2N-R1-Time48_R1.fastq.gz,FLC4_2N-R1-Time48,CAGATC,63,TGAGCTAGC,49.0
Stanford_redos_LT_FLC4_2N-R1-Time56_R1.fastq.gz,FLC4_2N-R1-Time56,GGCTAC,63,CTGCTACTC,49.0
Stanford_redos_LT_FLC4_alpha-R1-Time16_R1.fastq.gz,FLC4_alpha-R1-Time16,TAGCTT,63,GCGTACGCA,49.0
Stanford_redos_LT_FLC4_alpha-R1-Time24_R1.fastq.gz,FLC4_alpha-R1-Time24,TTAGGC,63,TATATACGC,49.0
Stanford_redos_LT_FLC4_alpha-R1-Time32_R1.fastq.gz,FLC4_alpha-R1-Time32,ACTTGA,63,CGCTCTATC,49.0
Stanford_redos_LT_FLC4_alpha-R1-Time40_R1.fastq.gz,FLC4_alpha-R1-Time40,GATCAG,63,GAGACGTCT,49.0
Stanford_redos_LT_FLC4_alpha-R1-Time48_R1.fastq.gz,FLC4_alpha-R1-Time48,CTTGTA,63,ATACTGCGT,49.0
Stanford_redos_LT_FLC4_alpha-R1-Time56_R1.fastq.gz,FLC4_alpha-R1-Time56,CGATGT,63,ACTAGCAGA,49.0
Stanford_redos_LT_FLC4_alpha-R1-Time64_R1.fastq.gz,FLC4_alpha-R1-Time64,ACAGTG,63,TGAGCTAGC,49.0
Stanford_restart_LT_02M_NaCl_2N-R1-Time240_R1.fastq.gz,02M_NaCl_2N-R1-Time240,GATCAG,63,TATATACGC,49.0
Stanford_restart_LT_02M_NaCl_2N-R1-Time256_R1.fastq.gz,02M_NaCl_2N-R1-Time256,GATCAG,63,CGCTCTATC,49.0
Stanford_restart_LT_02M_NaCl_2N-R1-Time272_R1.fastq.gz,02M_NaCl_2N-R1-Time272,GATCAG,63,GAGACGTCT,49.0
Stanford_restart_LT_02M_NaCl_2N-R1-Time288_R1.fastq.gz,02M_NaCl_2N-R1-Time288,GATCAG,63,ATACTGCGT,49.0
Stanford_restart_LT_02M_NaCl_2N-R1-Time304_R1.fastq.gz,02M_NaCl_2N-R1-Time304,GATCAG,63,ACTAGCAGA,49.0
Stanford_restart_LT_02M_NaCl_2N-R1-Time320_R1.fastq.gz,02M_NaCl_2N-R1-Time320,GATCAG,63,TGAGCTAGC,49.0
Stanford_restart_LT_02M_NaCl_2N-R1-Time336_R1.fastq.gz,02M_NaCl_2N-R1-Time336,GATCAG,63,CTGCTACTC,49.0
Stanford_restart_LT_02M_NaCl_2N-R1-Time352_R1.fastq.gz,02M_NaCl_2N-R1-Time352,GATCAG,63,GCGTACGCA,49.0
Stanford_restart_LT_02M_NaCl_2N-R1-Time368_R1.fastq.gz,02M_NaCl_2N-R1-Time368,CTTGTA,63,TATATACGC,49.0
Stanford_restart_LT_02M_NaCl_2N-R1-Time384_R1.fastq.gz,02M_NaCl_2N-R1-Time384,CTTGTA,63,CGCTCTATC,49.0
Stanford_restart_LT_02M_NaCl_2N-R1-Time400_R1.fastq.gz,02M_NaCl_2N-R1-Time400,CTTGTA,63,GAGACGTCT,49.0
Stanford_restart_LT_02M_NaCl_2N-R1-Time416_R1.fastq.gz,02M_NaCl_2N-R1-Time416,CTTGTA,63,ATACTGCGT,49.0
Stanford_restart_LT_02M_NaCl_2N-R1-Time440_R1.fastq.gz,02M_NaCl_2N-R1-Time440,CTTGTA,63,ACTAGCAGA,49.0
Stanford_restart_LT_21C_2N-R1-Time240_R1.fastq.gz,21C_2N-R1-Time240,CGATGT,63,TATATACGC,49.0
Stanford_restart_LT_21C_2N-R1-Time256_R1.fastq.gz,21C_2N-R1-Time256,CGATGT,63,CGCTCTATC,49.0
Stanford_restart_LT_21C_2N-R1-Time272_R1.fastq.gz,21C_2N-R1-Time272,CGATGT,63,GAGACGTCT,49.0
Stanford_restart_LT_21C_2N-R1-Time288_R1.fastq.gz,21C_2N-R1-Time288,CGATGT,63,ATACTGCGT,49.0
Stanford_restart_LT_21C_2N-R1-Time304_R1.fastq.gz,21C_2N-R1-Time304,CGATGT,63,ACTAGCAGA,49.0
Stanford_restart_LT_21C_2N-R1-Time320_R1.fastq.gz,21C_2N-R1-Time320,CGATGT,63,TGAGCTAGC,49.0
Stanford_restart_LT_21C_2N-R1-Time336_R1.fastq.gz,21C_2N-R1-Time336,CGATGT,63,CTGCTACTC,49.0
Stanford_restart_LT_21C_2N-R1-Time352_R1.fastq.gz,21C_2N-R1-Time352,CGATGT,63,GCGTACGCA,49.0
Stanford_restart_LT_21C_2N-R1-Time368_R1.fastq.gz,21C_2N-R1-Time368,ACAGTG,63,TATATACGC,49.0
Stanford_restart_LT_21C_2N-R1-Time384_R1.fastq.gz,21C_2N-R1-Time384,ACAGTG,63,CGCTCTATC,49.0
Stanford_restart_LT_21C_2N-R1-Time400_R1.fastq.gz,21C_2N-R1-Time400,ACAGTG,63,GAGACGTCT,49.0
Stanford_restart_LT_21C_2N-R1-Time416_R1.fastq.gz,21C_2N-R1-Time416,ACAGTG,63,ATACTGCGT,49.0
Stanford_restart_LT_21C_2N-R1-Time440_R1.fastq.gz,21C_2N-R1-Time440,ACAGTG,63,ACTAGCAGA,49.0
